"lat","long","year","bloom_date","bloom_doy","cat_bloom_doy","location","month","season","tmax_avg","tmax_max","tmin_avg","tmin_min","gdd_avg","prcp_avg"
47.4814,7.730519,1960,"1960-04-03",94,"4","liestal",0,"Winter",6.30967741935484,14.3,1.84193548387097,-3.2,4.0758064516129,24.8064516129032
47.4814,7.730519,1960,"1960-04-03",94,"4","liestal",1,"Winter",3.30967741935484,10.1,-2.41290322580645,-16.6,0.448387096774194,22.6774193548387
47.4814,7.730519,1960,"1960-04-03",94,"4","liestal",2,"Winter",6.85172413793103,15.6,0.0965517241379311,-9.2,3.47413793103448,20.551724137931
47.4814,7.730519,1960,"1960-04-03",94,"4","liestal",3,"Spring",12.0032258064516,20.7,3.42903225806452,-0.1,7.71612903225806,17.3548387096774
47.4814,7.730519,1960,"1960-04-03",94,"4","liestal",4,"Spring",15.5533333333333,23.4,4.39666666666667,-1.4,9.975,12.1333333333333
47.4814,7.730519,1960,"1960-04-03",94,"4","liestal",5,"Spring",21.4354838709677,28.4,9,0.2,15.2177419354839,22.1935483870968
47.4814,7.730519,1960,"1960-04-03",94,"4","liestal",6,"Summer",24.1666666666667,31,13.05,5,18.6083333333333,22.9333333333333
47.4814,7.730519,1960,"1960-04-03",94,"4","liestal",7,"Summer",21.9387096774194,28.3,12.1096774193548,6,17.0241935483871,32.8387096774194
47.4814,7.730519,1960,"1960-04-03",94,"4","liestal",8,"Summer",23.358064516129,31.5,13.8741935483871,9.4,18.6161290322581,53.1612903225806
47.4814,7.730519,1960,"1960-04-03",94,"4","liestal",9,"Fall",18.51,26.2,9.90333333333333,5.6,14.2066666666667,45.7333333333333
47.4814,7.730519,1960,"1960-04-03",94,"4","liestal",10,"Fall",14.1709677419355,21.6,7.08709677419355,0.2,10.6290322580645,28.741935483871
47.4814,7.730519,1960,"1960-04-03",94,"4","liestal",11,"Fall",10.95,19.2,4.58,-1,7.765,24.1
47.4814,7.730519,1961,"1961-03-20",79,"0","liestal",0,"Winter",4.06129032258065,15.3,-0.361290322580645,-5,1.85,15.5483870967742
47.4814,7.730519,1961,"1961-03-20",79,"0","liestal",1,"Winter",3.44516129032258,13.5,-0.793548387096774,-4.2,1.3258064516129,23.0645161290323
47.4814,7.730519,1961,"1961-03-20",79,"0","liestal",2,"Winter",11.1785714285714,19.2,2.63928571428571,-0.9,6.90892857142857,19.2142857142857
47.4814,7.730519,1961,"1961-03-20",79,"0","liestal",3,"Spring",14.9645161290323,21.6,1.86774193548387,-5,8.41612903225806,14.5483870967742
47.4814,7.730519,1961,"1961-03-20",79,"0","liestal",4,"Spring",18.07,25.3,8.54666666666667,4.8,13.3083333333333,32.5
47.4814,7.730519,1961,"1961-03-20",79,"0","liestal",5,"Spring",17.8645161290323,27.1,8.38709677419355,3.5,13.1258064516129,23.4193548387097
47.4814,7.730519,1961,"1961-03-20",79,"0","liestal",6,"Summer",23.5666666666667,32.2,12.81,8.5,18.1883333333333,27.3666666666667
47.4814,7.730519,1961,"1961-03-20",79,"0","liestal",7,"Summer",24.3612903225806,33.6,12.1096774193548,7.5,18.2354838709677,37.6451612903226
47.4814,7.730519,1961,"1961-03-20",79,"0","liestal",8,"Summer",24.3225806451613,32.7,12.8387096774194,8,18.5806451612903,41.8064516129032
47.4814,7.730519,1961,"1961-03-20",79,"0","liestal",9,"Fall",26.08,32,13.9433333333333,7.2,20.0116666666667,15.1666666666667
47.4814,7.730519,1961,"1961-03-20",79,"0","liestal",10,"Fall",16.5774193548387,24.4,8.61612903225806,1.2,12.5967741935484,25.741935483871
47.4814,7.730519,1961,"1961-03-20",79,"0","liestal",11,"Fall",7.80666666666667,13,2.35333333333333,-2.9,5.08,15.9333333333333
47.4814,7.730519,1962,"1962-04-25",115,"9","liestal",0,"Winter",5.32903225806452,18.4,-0.354838709677419,-10.6,2.48709677419355,36.9354838709677
47.4814,7.730519,1962,"1962-04-25",115,"9","liestal",1,"Winter",5.66451612903226,12.3,0.806451612903226,-6,3.23548387096774,37.8387096774194
47.4814,7.730519,1962,"1962-04-25",115,"9","liestal",2,"Winter",5.13571428571429,10.4,-1.45357142857143,-9.5,1.84107142857143,31.2142857142857
47.4814,7.730519,1962,"1962-04-25",115,"9","liestal",3,"Spring",7.19354838709677,16.7,-0.993548387096774,-8,3.1,33
47.4814,7.730519,1962,"1962-04-25",115,"9","liestal",4,"Spring",15.98,27.5,4.96333333333333,0.3,10.4716666666667,11.7666666666667
47.4814,7.730519,1962,"1962-04-25",115,"9","liestal",5,"Spring",17.1935483870968,27.9,7.31290322580645,-2,12.2532258064516,29.4516129032258
47.4814,7.730519,1962,"1962-04-25",115,"9","liestal",6,"Summer",23.2066666666667,32,10.1933333333333,2,16.7,9.76666666666667
47.4814,7.730519,1962,"1962-04-25",115,"9","liestal",7,"Summer",24,34.5,12.3870967741935,6.3,18.1935483870968,19.7096774193548
47.4814,7.730519,1962,"1962-04-25",115,"9","liestal",8,"Summer",26.8774193548387,34.5,13.2516129032258,9,20.0645161290323,18.0645161290323
47.4814,7.730519,1962,"1962-04-25",115,"9","liestal",9,"Fall",21.07,33.6,10.57,4.1,15.82,15.7333333333333
47.4814,7.730519,1962,"1962-04-25",115,"9","liestal",10,"Fall",15.7903225806452,24.9,6.59354838709677,1.2,11.191935483871,2.45161290322581
47.4814,7.730519,1962,"1962-04-25",115,"9","liestal",11,"Fall",5.69333333333333,16,0.0133333333333331,-6.6,2.85333333333333,11.4
47.4814,7.730519,1963,"1963-04-24",114,"9","liestal",0,"Winter",0.716129032258065,11,-4.40645161290323,-13.6,-1.84516129032258,31.7096774193548
47.4814,7.730519,1963,"1963-04-24",114,"9","liestal",1,"Winter",-1.94516129032258,7,-7.78064516129032,-18.1,-4.86290322580645,12.0967741935484
47.4814,7.730519,1963,"1963-04-24",114,"9","liestal",2,"Winter",0.110714285714286,6.5,-6.25714285714286,-17.3,-3.07321428571429,17.4285714285714
47.4814,7.730519,1963,"1963-04-24",114,"9","liestal",3,"Spring",9.42903225806452,14.9,1.01290322580645,-8.6,5.22096774193548,20.9354838709677
47.4814,7.730519,1963,"1963-04-24",114,"9","liestal",4,"Spring",15.7833333333333,23,6.00333333333333,-0.2,10.8933333333333,14.2
47.4814,7.730519,1963,"1963-04-24",114,"9","liestal",5,"Spring",18.3677419354839,25.5,7.9258064516129,1.6,13.1467741935484,11.3548387096774
47.4814,7.730519,1963,"1963-04-24",114,"9","liestal",6,"Summer",22.2633333333333,30,11.9966666666667,8.2,17.13,53.9333333333333
47.4814,7.730519,1963,"1963-04-24",114,"9","liestal",7,"Summer",25.9677419354839,32,13.7741935483871,9.4,19.8709677419355,17.3870967741936
47.4814,7.730519,1963,"1963-04-24",114,"9","liestal",8,"Summer",22.1,31.4,13.058064516129,7.6,17.5790322580645,41.0322580645161
47.4814,7.730519,1963,"1963-04-24",114,"9","liestal",9,"Fall",20.8333333333333,27.1,11.69,5,16.2616666666667,17.2
47.4814,7.730519,1963,"1963-04-24",114,"9","liestal",10,"Fall",14.758064516129,21.6,6.58709677419355,-1.2,10.6725806451613,14.9677419354839
47.4814,7.730519,1963,"1963-04-24",114,"9","liestal",11,"Fall",12.4166666666667,17.2,5.19,0.6,8.80333333333333,48.1666666666667
47.4814,7.730519,1964,"1964-04-16",107,"7","liestal",0,"Winter",0.24516129032258,8.7,-3.53225806451613,-12.5,-1.64354838709677,1.67741935483871
47.4814,7.730519,1964,"1964-04-16",107,"7","liestal",1,"Winter",0.903225806451613,5,-3.30645161290323,-7.8,-1.20161290322581,3.25806451612903
47.4814,7.730519,1964,"1964-04-16",107,"7","liestal",2,"Winter",7.6551724137931,17.6,0.179310344827586,-7,3.91724137931034,15.448275862069
47.4814,7.730519,1964,"1964-04-16",107,"7","liestal",3,"Spring",7.38064516129032,14.5,1.31612903225806,-4.5,4.34838709677419,31.8064516129032
47.4814,7.730519,1964,"1964-04-16",107,"7","liestal",4,"Spring",16.5233333333333,25,5.82333333333333,1,11.1733333333333,18
47.4814,7.730519,1964,"1964-04-16",107,"7","liestal",5,"Spring",21.6806451612903,29,9.1741935483871,5.3,15.4274193548387,44.3548387096774
47.4814,7.730519,1964,"1964-04-16",107,"7","liestal",6,"Summer",24.8233333333333,32,12.3766666666667,7.9,18.6,29.7
47.4814,7.730519,1964,"1964-04-16",107,"7","liestal",7,"Summer",28.4483870967742,35.7,13.6193548387097,7.5,21.0338709677419,21.4516129032258
47.4814,7.730519,1964,"1964-04-16",107,"7","liestal",8,"Summer",24.5516129032258,33.5,12.6,6.5,18.5758064516129,29.5161290322581
47.4814,7.730519,1964,"1964-04-16",107,"7","liestal",9,"Fall",21.7566666666667,28.5,10.9833333333333,4.5,16.37,24.5666666666667
47.4814,7.730519,1964,"1964-04-16",107,"7","liestal",10,"Fall",12.8290322580645,22.4,6.3741935483871,-1,9.60161290322581,31.6774193548387
47.4814,7.730519,1964,"1964-04-16",107,"7","liestal",11,"Fall",9.07,16,4.22666666666667,-1.5,6.64833333333333,23.5
47.4814,7.730519,1965,"1965-04-12",102,"6","liestal",0,"Winter",2.68387096774194,7.1,-1.37741935483871,-13,0.653225806451613,8.74193548387097
47.4814,7.730519,1965,"1965-04-12",102,"6","liestal",1,"Winter",4.6741935483871,13,-0.287096774193548,-8.5,2.19354838709677,28.5161290322581
47.4814,7.730519,1965,"1965-04-12",102,"6","liestal",2,"Winter",2.34642857142857,6,-4.12857142857143,-9.5,-0.891071428571429,11.4285714285714
47.4814,7.730519,1965,"1965-04-12",102,"6","liestal",3,"Spring",10.0516129032258,20.2,1.64516129032258,-11.2,5.84838709677419,33.9032258064516
47.4814,7.730519,1965,"1965-04-12",102,"6","liestal",4,"Spring",12.9733333333333,21.8,3.68,1,8.32666666666667,34.2666666666667
47.4814,7.730519,1965,"1965-04-12",102,"6","liestal",5,"Spring",18.0870967741935,29.2,8.24838709677419,3,13.1677419354839,45.4193548387097
47.4814,7.730519,1965,"1965-04-12",102,"6","liestal",6,"Summer",23.01,32.2,12.7333333333333,4.5,17.8716666666667,31.3666666666667
47.4814,7.730519,1965,"1965-04-12",102,"6","liestal",7,"Summer",22.5838709677419,31.2,13.1935483870968,9.4,17.8887096774194,39.6129032258064
47.4814,7.730519,1965,"1965-04-12",102,"6","liestal",8,"Summer",23,30.5,12.8322580645161,9,17.9161290322581,32.1935483870968
47.4814,7.730519,1965,"1965-04-12",102,"6","liestal",9,"Fall",18.2733333333333,25,9.78333333333333,5.5,14.0283333333333,42.8
47.4814,7.730519,1965,"1965-04-12",102,"6","liestal",10,"Fall",13.9709677419355,20.4,7.08064516129032,2.8,10.5258064516129,5.19354838709677
47.4814,7.730519,1965,"1965-04-12",102,"6","liestal",11,"Fall",7.91666666666667,18.2,2.12333333333333,-7.1,5.02,43.5666666666667
47.4814,7.730519,1966,"1966-04-08",98,"5","liestal",0,"Winter",7.10645161290323,14.6,1.70322580645161,-2.5,4.40483870967742,53.741935483871
47.4814,7.730519,1966,"1966-04-08",98,"5","liestal",1,"Winter",1.93870967741936,13.4,-4.36129032258065,-18,-1.21129032258065,17.5161290322581
47.4814,7.730519,1966,"1966-04-08",98,"5","liestal",2,"Winter",10.4785714285714,15.6,3.55714285714286,0.2,7.01785714285714,30.1428571428571
47.4814,7.730519,1966,"1966-04-08",98,"5","liestal",3,"Spring",10.0225806451613,15.5,1.16129032258065,-2.8,5.59193548387097,29.3548387096774
47.4814,7.730519,1966,"1966-04-08",98,"5","liestal",4,"Spring",16.5633333333333,23,6.84333333333333,-2,11.7033333333333,31.9
47.4814,7.730519,1966,"1966-04-08",98,"5","liestal",5,"Spring",20.5,28.3,8.93870967741936,2.3,14.7193548387097,34.7741935483871
47.4814,7.730519,1966,"1966-04-08",98,"5","liestal",6,"Summer",24.1933333333333,32,12.82,6.2,18.5066666666667,28.7666666666667
47.4814,7.730519,1966,"1966-04-08",98,"5","liestal",7,"Summer",22.5161290322581,30.6,12.6193548387097,9,17.5677419354839,37.4838709677419
47.4814,7.730519,1966,"1966-04-08",98,"5","liestal",8,"Summer",21.8774193548387,33.1,12.9,6,17.3887096774194,55.741935483871
47.4814,7.730519,1966,"1966-04-08",98,"5","liestal",9,"Fall",21.8133333333333,30.1,11.79,7.5,16.8016666666667,16.5
47.4814,7.730519,1966,"1966-04-08",98,"5","liestal",10,"Fall",17.5161290322581,26.7,10.3870967741935,0,13.9516129032258,19.8709677419355
47.4814,7.730519,1966,"1966-04-08",98,"5","liestal",11,"Fall",6.12666666666667,16,0.753333333333333,-3.6,3.44,24.8666666666667
47.4814,7.730519,1967,"1967-04-04",94,"4","liestal",0,"Winter",6.23870967741935,15.5,0.9,-4,3.56935483870968,32.5161290322581
47.4814,7.730519,1967,"1967-04-04",94,"4","liestal",1,"Winter",4.09677419354839,13.2,-0.77741935483871,-11.5,1.65967741935484,12.258064516129
47.4814,7.730519,1967,"1967-04-04",94,"4","liestal",2,"Winter",9.03928571428571,16.5,0.310714285714286,-7,4.675,16.8928571428571
47.4814,7.730519,1967,"1967-04-04",94,"4","liestal",3,"Spring",12.1709677419355,17.4,3.09354838709677,-3.5,7.63225806451613,20.7096774193548
47.4814,7.730519,1967,"1967-04-04",94,"4","liestal",4,"Spring",14.45,22.5,2.86333333333333,-1.5,8.65666666666667,11.5333333333333
47.4814,7.730519,1967,"1967-04-04",94,"4","liestal",5,"Spring",19.5935483870968,30,7.80645161290323,0.5,13.7,42.741935483871
47.4814,7.730519,1967,"1967-04-04",94,"4","liestal",6,"Summer",21.9866666666667,32,10.0966666666667,5.2,16.0416666666667,27.3666666666667
47.4814,7.730519,1967,"1967-04-04",94,"4","liestal",7,"Summer",27.3129032258065,33,14.6,10.4,20.9564516129032,15.258064516129
47.4814,7.730519,1967,"1967-04-04",94,"4","liestal",8,"Summer",24.5161290322581,32,12.7741935483871,8.7,18.6451612903226,38.741935483871
47.4814,7.730519,1967,"1967-04-04",94,"4","liestal",9,"Fall",20.1666666666667,28.1,10.4966666666667,5.6,15.3316666666667,40.2666666666667
47.4814,7.730519,1967,"1967-04-04",94,"4","liestal",10,"Fall",18.541935483871,26.8,8.51612903225806,0,13.5290322580645,12.4838709677419
47.4814,7.730519,1967,"1967-04-04",94,"4","liestal",11,"Fall",8.47,14,2.32666666666667,-4.1,5.39833333333333,28.3
47.4814,7.730519,1968,"1968-04-12",103,"6","liestal",0,"Winter",2.51612903225806,13.5,-3.36129032258065,-13.2,-0.42258064516129,27.741935483871
47.4814,7.730519,1968,"1968-04-12",103,"6","liestal",1,"Winter",3.37096774193548,10.5,-2.43225806451613,-17,0.469354838709677,41.7096774193548
47.4814,7.730519,1968,"1968-04-12",103,"6","liestal",2,"Winter",6.30689655172414,12.3,-0.324137931034483,-6,2.99137931034483,28.0344827586207
47.4814,7.730519,1968,"1968-04-12",103,"6","liestal",3,"Spring",11.5096774193548,23.2,0.170967741935484,-5.5,5.84032258064516,18.7096774193548
47.4814,7.730519,1968,"1968-04-12",103,"6","liestal",4,"Spring",16.8866666666667,29.4,3.63333333333333,-4,10.26,25.6666666666667
47.4814,7.730519,1968,"1968-04-12",103,"6","liestal",5,"Spring",18.1032258064516,24.5,6.65161290322581,0,12.3774193548387,32.1935483870968
47.4814,7.730519,1968,"1968-04-12",103,"6","liestal",6,"Summer",22.7633333333333,31,10.84,5.5,16.8016666666667,13.0333333333333
47.4814,7.730519,1968,"1968-04-12",103,"6","liestal",7,"Summer",25.0322580645161,33.7,12.4161290322581,6.4,18.7241935483871,20.5806451612903
47.4814,7.730519,1968,"1968-04-12",103,"6","liestal",8,"Summer",21.9354838709677,27.8,12.1387096774194,6.8,17.0370967741936,50.0645161290323
47.4814,7.730519,1968,"1968-04-12",103,"6","liestal",9,"Fall",19.5933333333333,25,9.68,5.2,14.6366666666667,65.7666666666667
47.4814,7.730519,1968,"1968-04-12",103,"6","liestal",10,"Fall",16.5645161290323,23.2,8.12258064516129,3.6,12.3435483870968,12.4516129032258
47.4814,7.730519,1968,"1968-04-12",103,"6","liestal",11,"Fall",7.53666666666667,19.6,2.34,-4.7,4.93833333333333,13.2
47.4814,7.730519,1969,"1969-04-23",113,"9","liestal",0,"Winter",2.49032258064516,10.7,-1.85483870967742,-10,0.317741935483871,18.9677419354839
47.4814,7.730519,1969,"1969-04-23",113,"9","liestal",1,"Winter",4.08064516129032,9.2,-1.30645161290323,-7,1.38709677419355,12.7096774193548
47.4814,7.730519,1969,"1969-04-23",113,"9","liestal",2,"Winter",3.43928571428571,11.2,-4.05357142857143,-11.8,-0.307142857142857,35.8571428571429
47.4814,7.730519,1969,"1969-04-23",113,"9","liestal",3,"Spring",9.05161290322581,15.7,0.374193548387097,-5.4,4.71290322580645,21.1935483870968
47.4814,7.730519,1969,"1969-04-23",113,"9","liestal",4,"Spring",13.6866666666667,26.2,2.94666666666667,-3.4,8.31666666666667,31.1666666666667
47.4814,7.730519,1969,"1969-04-23",113,"9","liestal",5,"Spring",20.9322580645161,30.6,7.19677419354839,1.9,14.0645161290323,23.8709677419355
47.4814,7.730519,1969,"1969-04-23",113,"9","liestal",6,"Summer",20.3166666666667,27.4,9.33333333333333,5.2,14.825,55
47.4814,7.730519,1969,"1969-04-23",113,"9","liestal",7,"Summer",25.9612903225806,33,13.9677419354839,8.2,19.9645161290323,23.5161290322581
47.4814,7.730519,1969,"1969-04-23",113,"9","liestal",8,"Summer",23.4064516129032,31,11.5225806451613,5.7,17.4645161290323,46.0967741935484
47.4814,7.730519,1969,"1969-04-23",113,"9","liestal",9,"Fall",21.44,27,9.83,5,15.635,10.1666666666667
47.4814,7.730519,1969,"1969-04-23",113,"9","liestal",10,"Fall",16.7903225806452,22.1,6.58064516129032,-0.5,11.6854838709677,0.419354838709678
47.4814,7.730519,1969,"1969-04-23",113,"9","liestal",11,"Fall",10.4433333333333,17.8,1.87,-6.2,6.15666666666667,30.9666666666667
47.4814,7.730519,1970,"1970-04-24",114,"9","liestal",0,"Winter",-0.0903225806451614,6,-5.05806451612903,-10.3,-2.5741935483871,25.6774193548387
47.4814,7.730519,1970,"1970-04-24",114,"9","liestal",1,"Winter",2.87741935483871,9,-1.55806451612903,-8.2,0.659677419354839,20.5483870967742
47.4814,7.730519,1970,"1970-04-24",114,"9","liestal",2,"Winter",5.65,13,-0.0392857142857142,-6.3,2.80535714285714,66.0357142857143
47.4814,7.730519,1970,"1970-04-24",114,"9","liestal",3,"Spring",7.29677419354839,14.5,-0.0999999999999996,-5.6,3.59838709677419,19.258064516129
47.4814,7.730519,1970,"1970-04-24",114,"9","liestal",4,"Spring",12.0266666666667,25.5,3.59666666666667,-3.6,7.81166666666667,54.7666666666667
47.4814,7.730519,1970,"1970-04-24",114,"9","liestal",5,"Spring",17.9387096774194,25,7.71935483870968,2.8,12.8290322580645,38.8387096774194
47.4814,7.730519,1970,"1970-04-24",114,"9","liestal",6,"Summer",24.5266666666667,30.5,12.6466666666667,6.5,18.5866666666667,29.1666666666667
47.4814,7.730519,1970,"1970-04-24",114,"9","liestal",7,"Summer",23.9129032258065,30,13.1870967741935,5.5,18.55,36.9032258064516
47.4814,7.730519,1970,"1970-04-24",114,"9","liestal",8,"Summer",24.4354838709677,33,14.4612903225806,9.2,19.4483870967742,32.1612903225806
47.4814,7.730519,1970,"1970-04-24",114,"9","liestal",9,"Fall",22.14,27,10.7233333333333,5,16.4316666666667,14.8333333333333
47.4814,7.730519,1970,"1970-04-24",114,"9","liestal",10,"Fall",14.7129032258065,22,6.88709677419355,2,10.8,16.7741935483871
47.4814,7.730519,1970,"1970-04-24",114,"9","liestal",11,"Fall",10.3266666666667,22,3.49,0,6.90833333333333,28.7
47.4814,7.730519,1971,"1971-04-17",107,"7","liestal",0,"Winter",2.92258064516129,11.5,-1.53870967741935,-7.9,0.691935483870967,6.87096774193548
47.4814,7.730519,1971,"1971-04-17",107,"7","liestal",1,"Winter",2.29032258064516,12.3,-3.84516129032258,-14.1,-0.777419354838709,9.80645161290322
47.4814,7.730519,1971,"1971-04-17",107,"7","liestal",2,"Winter",5.58928571428571,9.9,-0.75,-6,2.41964285714286,15.7142857142857
47.4814,7.730519,1971,"1971-04-17",107,"7","liestal",3,"Spring",7.13870967741935,15.2,-1.24516129032258,-14,2.94677419354839,15.3870967741935
47.4814,7.730519,1971,"1971-04-17",107,"7","liestal",4,"Spring",18.9133333333333,26,5.03333333333333,-0.1,11.9733333333333,6.03333333333333
47.4814,7.730519,1971,"1971-04-17",107,"7","liestal",5,"Spring",21.2032258064516,29.6,10.7451612903226,6.6,15.9741935483871,15.5806451612903
47.4814,7.730519,1971,"1971-04-17",107,"7","liestal",6,"Summer",20.66,27,11.31,5.7,15.985,56.3
47.4814,7.730519,1971,"1971-04-17",107,"7","liestal",7,"Summer",27.0741935483871,34,13.7709677419355,6.5,20.4225806451613,18.1612903225806
47.4814,7.730519,1971,"1971-04-17",107,"7","liestal",8,"Summer",25.4,33.5,14.8516129032258,10.5,20.1258064516129,43.1935483870968
47.4814,7.730519,1971,"1971-04-17",107,"7","liestal",9,"Fall",20.9266666666667,26.2,8.72,0.9,14.8233333333333,9.56666666666667
47.4814,7.730519,1971,"1971-04-17",107,"7","liestal",10,"Fall",16.9935483870968,24.8,6.40645161290323,1.5,11.7,8
47.4814,7.730519,1971,"1971-04-17",107,"7","liestal",11,"Fall",6.89,14.5,1.71666666666667,-5,4.30333333333333,30.1
47.4814,7.730519,1972,"1972-04-06",97,"5","liestal",0,"Winter",4.96129032258064,13,0.654838709677419,-4.5,2.80806451612903,8.67741935483871
47.4814,7.730519,1972,"1972-04-06",97,"5","liestal",1,"Winter",3.24838709677419,10,-0.648387096774194,-6.5,1.3,5.48387096774194
47.4814,7.730519,1972,"1972-04-06",97,"5","liestal",2,"Winter",7.27241379310345,13.2,1.33448275862069,-6.5,4.30344827586207,7.03448275862069
47.4814,7.730519,1972,"1972-04-06",97,"5","liestal",3,"Spring",13.6096774193548,21,2.51290322580645,-1,8.06129032258064,8.96774193548387
47.4814,7.730519,1972,"1972-04-06",97,"5","liestal",4,"Spring",13.1433333333333,23,5.4,0,9.27166666666667,34.1
47.4814,7.730519,1972,"1972-04-06",97,"5","liestal",5,"Spring",17.6129032258065,24.2,8.7258064516129,4,13.1693548387097,16.4516129032258
47.4814,7.730519,1972,"1972-04-06",97,"5","liestal",6,"Summer",21.64,30.8,11.0933333333333,7.2,16.3666666666667,36.7333333333333
47.4814,7.730519,1972,"1972-04-06",97,"5","liestal",7,"Summer",24.0032258064516,32.1,13.4935483870968,8.5,18.7483870967742,33.1290322580645
47.4814,7.730519,1972,"1972-04-06",97,"5","liestal",8,"Summer",23.058064516129,31.5,12.3290322580645,6.5,17.6935483870968,17.6451612903226
47.4814,7.730519,1972,"1972-04-06",97,"5","liestal",9,"Fall",18.39,25.2,6.76666666666667,1.5,12.5783333333333,5.6
47.4814,7.730519,1972,"1972-04-06",97,"5","liestal",10,"Fall",13.6225806451613,19.6,3.69032258064516,-0.5,8.65645161290323,16.7741935483871
47.4814,7.730519,1972,"1972-04-06",97,"5","liestal",11,"Fall",9.53,16,2.70666666666667,-3,6.11833333333333,60.9666666666667
47.4814,7.730519,1973,"1973-04-29",119,"10","liestal",0,"Winter",2.96774193548387,11.5,-1.53870967741935,-8.5,0.714516129032258,17.7096774193548
47.4814,7.730519,1973,"1973-04-29",119,"10","liestal",1,"Winter",2.12258064516129,6,-2.37741935483871,-8,-0.12741935483871,17.4193548387097
47.4814,7.730519,1973,"1973-04-29",119,"10","liestal",2,"Winter",4.95,11,-1.08571428571429,-8.5,1.93214285714286,16.3571428571429
47.4814,7.730519,1973,"1973-04-29",119,"10","liestal",3,"Spring",9.89032258064516,19,0.42258064516129,-5.2,5.15645161290323,7.67741935483871
47.4814,7.730519,1973,"1973-04-29",119,"10","liestal",4,"Spring",11.91,23.2,2.35333333333333,-2.5,7.13166666666667,28.9
47.4814,7.730519,1973,"1973-04-29",119,"10","liestal",5,"Spring",20.7258064516129,27,9.02903225806452,1.5,14.8774193548387,26.3870967741936
47.4814,7.730519,1973,"1973-04-29",119,"10","liestal",6,"Summer",23.3133333333333,31.1,12.3033333333333,9,17.8083333333333,43.3
47.4814,7.730519,1973,"1973-04-29",119,"10","liestal",7,"Summer",23.6838709677419,31.6,13.3677419354839,8,18.5258064516129,42.4516129032258
47.4814,7.730519,1973,"1973-04-29",119,"10","liestal",8,"Summer",26.0870967741935,32.8,15.0741935483871,10.4,20.5806451612903,19.7741935483871
47.4814,7.730519,1973,"1973-04-29",119,"10","liestal",9,"Fall",22.5366666666667,31,11.4133333333333,5.1,16.975,13.5
47.4814,7.730519,1973,"1973-04-29",119,"10","liestal",10,"Fall",12.9322580645161,21.5,5.99354838709677,-0.2,9.46290322580645,32.0322580645161
47.4814,7.730519,1973,"1973-04-29",119,"10","liestal",11,"Fall",8.50333333333333,14.2,1.25333333333333,-9,4.87833333333333,23.6333333333333
47.4814,7.730519,1974,"1974-04-02",92,"4","liestal",0,"Winter",3.42258064516129,12.6,-1.64516129032258,-18,0.888709677419355,23.7741935483871
47.4814,7.730519,1974,"1974-04-02",92,"4","liestal",1,"Winter",7.14838709677419,14.6,2.07741935483871,-2,4.61290322580645,27.0967741935484
47.4814,7.730519,1974,"1974-04-02",92,"4","liestal",2,"Winter",7.86785714285714,17,2.01785714285714,-2,4.94285714285714,19.1428571428571
47.4814,7.730519,1974,"1974-04-02",92,"4","liestal",3,"Spring",12.2935483870968,21.6,4.10967741935484,-2.9,8.20161290322581,16.1290322580645
47.4814,7.730519,1974,"1974-04-02",92,"4","liestal",4,"Spring",15.8666666666667,21.2,3.04666666666667,-3,9.45666666666667,7
47.4814,7.730519,1974,"1974-04-02",92,"4","liestal",5,"Spring",18.1870967741935,25.5,8.06451612903226,3.4,13.1258064516129,28.1290322580645
47.4814,7.730519,1974,"1974-04-02",92,"4","liestal",6,"Summer",21.2133333333333,27.6,10.4166666666667,5.5,15.815,22.1666666666667
47.4814,7.730519,1974,"1974-04-02",92,"4","liestal",7,"Summer",24.0032258064516,32,12.3161290322581,7.8,18.1596774193548,20.1290322580645
47.4814,7.730519,1974,"1974-04-02",92,"4","liestal",8,"Summer",25.3612903225806,35.5,14.4322580645161,10,19.8967741935484,20.1290322580645
47.4814,7.730519,1974,"1974-04-02",92,"4","liestal",9,"Fall",19.9133333333333,28.5,11.0033333333333,4.5,15.4583333333333,30.0666666666667
47.4814,7.730519,1974,"1974-04-02",92,"4","liestal",10,"Fall",8.78387096774193,14.6,3.74516129032258,0,6.26451612903226,59.8064516129032
47.4814,7.730519,1974,"1974-04-02",92,"4","liestal",11,"Fall",8.45,14.8,2.98666666666667,-2.7,5.71833333333333,46.8333333333333
47.4814,7.730519,1975,"1975-04-18",108,"7","liestal",0,"Winter",8.09677419354839,16,2.8741935483871,-3.3,5.48548387096774,38.4516129032258
47.4814,7.730519,1975,"1975-04-18",108,"7","liestal",1,"Winter",7.29677419354839,14.2,2.09032258064516,-0.9,4.69354838709677,34.741935483871
47.4814,7.730519,1975,"1975-04-18",108,"7","liestal",2,"Winter",7.85357142857143,14.5,-0.0928571428571427,-3,3.88035714285714,4.28571428571429
47.4814,7.730519,1975,"1975-04-18",108,"7","liestal",3,"Spring",8.33548387096774,15.8,1.78709677419355,-4,5.06129032258065,16.8387096774194
47.4814,7.730519,1975,"1975-04-18",108,"7","liestal",4,"Spring",14.2466666666667,24.7,4.09,-2.6,9.16833333333333,28.6666666666667
47.4814,7.730519,1975,"1975-04-18",108,"7","liestal",5,"Spring",19.0161290322581,28,8.20645161290323,2,13.6112903225806,27.9032258064516
47.4814,7.730519,1975,"1975-04-18",108,"7","liestal",6,"Summer",20.7066666666667,28.6,10.8566666666667,2.5,15.7816666666667,36.3333333333333
47.4814,7.730519,1975,"1975-04-18",108,"7","liestal",7,"Summer",25.1645161290323,33.5,13.4516129032258,7.2,19.308064516129,16.4516129032258
47.4814,7.730519,1975,"1975-04-18",108,"7","liestal",8,"Summer",24.758064516129,32.5,14.5193548387097,10.2,19.6387096774194,56.1612903225806
47.4814,7.730519,1975,"1975-04-18",108,"7","liestal",9,"Fall",22.2466666666667,28.5,13.16,9,17.7033333333333,29
47.4814,7.730519,1975,"1975-04-18",108,"7","liestal",10,"Fall",12.5,20.6,5.76129032258065,0.7,9.13064516129032,13.6774193548387
47.4814,7.730519,1975,"1975-04-18",108,"7","liestal",11,"Fall",8.72,17,2.94,-4.7,5.83,46.4333333333333
47.4814,7.730519,1976,"1976-04-11",102,"6","liestal",0,"Winter",2.8741935483871,8.6,-1.42258064516129,-11,0.725806451612903,5.12903225806452
47.4814,7.730519,1976,"1976-04-11",102,"6","liestal",1,"Winter",4.81612903225806,10.6,-0.680645161290323,-13.6,2.06774193548387,21.0322580645161
47.4814,7.730519,1976,"1976-04-11",102,"6","liestal",2,"Winter",6.46206896551724,17.6,0.155172413793104,-5.7,3.30862068965517,19.1379310344828
47.4814,7.730519,1976,"1976-04-11",102,"6","liestal",3,"Spring",10.0806451612903,20,-0.0064516129032255,-7.6,5.03709677419355,6.2258064516129
47.4814,7.730519,1976,"1976-04-11",102,"6","liestal",4,"Spring",15.3533333333333,23.1,2.82333333333333,-2.6,9.08833333333333,13.9666666666667
47.4814,7.730519,1976,"1976-04-11",102,"6","liestal",5,"Spring",21.2935483870968,29.5,8.12903225806452,-2,14.7112903225806,18.8709677419355
47.4814,7.730519,1976,"1976-04-11",102,"6","liestal",6,"Summer",26.6033333333333,33.5,11.48,5.2,19.0416666666667,7.63333333333333
47.4814,7.730519,1976,"1976-04-11",102,"6","liestal",7,"Summer",26.8032258064516,34.5,14.8612903225806,10,20.8322580645161,20.5161290322581
47.4814,7.730519,1976,"1976-04-11",102,"6","liestal",8,"Summer",23.3322580645161,28,11.7322580645161,6.4,17.5322580645161,16.4516129032258
47.4814,7.730519,1976,"1976-04-11",102,"6","liestal",9,"Fall",19.2,24.6,10.15,5.5,14.675,34.1333333333333
47.4814,7.730519,1976,"1976-04-11",102,"6","liestal",10,"Fall",15.7096774193548,24,8.42258064516129,1.8,12.0661290322581,15.8064516129032
47.4814,7.730519,1976,"1976-04-11",102,"6","liestal",11,"Fall",8.26,14.6,3.28666666666667,-0.8,5.77333333333333,23.1
47.4814,7.730519,1977,"1977-03-21",80,"1","liestal",0,"Winter",2.59677419354839,13,-1.71935483870968,-9.8,0.438709677419355,34.9677419354839
47.4814,7.730519,1977,"1977-03-21",80,"1","liestal",1,"Winter",3.46774193548387,11,-0.516129032258065,-6.4,1.4758064516129,36.258064516129
47.4814,7.730519,1977,"1977-03-21",80,"1","liestal",2,"Winter",9.23928571428571,15.2,2.96785714285714,-3,6.10357142857143,61.9642857142857
47.4814,7.730519,1977,"1977-03-21",80,"1","liestal",3,"Spring",13.7290322580645,23.8,4.48709677419355,-2.5,9.10806451612903,19.2903225806452
47.4814,7.730519,1977,"1977-03-21",80,"1","liestal",4,"Spring",12.1966666666667,24,3.28,-2.5,7.73833333333333,53.2
47.4814,7.730519,1977,"1977-03-21",80,"1","liestal",5,"Spring",18.6451612903226,27,7.5741935483871,0.9,13.1096774193548,24.3225806451613
47.4814,7.730519,1977,"1977-03-21",80,"1","liestal",6,"Summer",22.1066666666667,31,11.8533333333333,4.8,16.98,38.3
47.4814,7.730519,1977,"1977-03-21",80,"1","liestal",7,"Summer",23.9935483870968,30.5,13.4967741935484,8.4,18.7451612903226,35.0967741935484
47.4814,7.730519,1977,"1977-03-21",80,"1","liestal",8,"Summer",22.8903225806452,28.7,12.5838709677419,8.5,17.7370967741935,45.7096774193548
47.4814,7.730519,1977,"1977-03-21",80,"1","liestal",9,"Fall",19.32,27.2,9.03333333333333,2,14.1766666666667,13.4333333333333
47.4814,7.730519,1977,"1977-03-21",80,"1","liestal",10,"Fall",16.1161290322581,23.9,8.58387096774194,3,12.35,16.8064516129032
47.4814,7.730519,1977,"1977-03-21",80,"1","liestal",11,"Fall",9.76,20.2,3.09,-2.4,6.425,32.4333333333333
47.4814,7.730519,1978,"1978-04-18",108,"7","liestal",0,"Winter",5.04193548387097,13.5,0.561290322580645,-5.4,2.80161290322581,23.4193548387097
47.4814,7.730519,1978,"1978-04-18",108,"7","liestal",1,"Winter",4.03225806451613,11.4,-0.274193548387097,-6.1,1.87903225806452,22.4838709677419
47.4814,7.730519,1978,"1978-04-18",108,"7","liestal",2,"Winter",3.78214285714286,14.4,-0.682142857142857,-5,1.55,33
47.4814,7.730519,1978,"1978-04-18",108,"7","liestal",3,"Spring",11.4612903225806,19.6,2.56129032258065,-1.2,7.01129032258064,43.5806451612903
47.4814,7.730519,1978,"1978-04-18",108,"7","liestal",4,"Spring",13.6466666666667,21,3.74666666666667,-2.7,8.69666666666667,20.2
47.4814,7.730519,1978,"1978-04-18",108,"7","liestal",5,"Spring",16.8709677419355,25,8.23225806451613,3.4,12.5516129032258,50.3225806451613
47.4814,7.730519,1978,"1978-04-18",108,"7","liestal",6,"Summer",21.8633333333333,29.7,10.6,6,16.2316666666667,25.4666666666667
47.4814,7.730519,1978,"1978-04-18",108,"7","liestal",7,"Summer",23.4806451612903,32.5,12.7709677419355,8.1,18.1258064516129,31.0967741935484
47.4814,7.730519,1978,"1978-04-18",108,"7","liestal",8,"Summer",22.6387096774194,29.8,11.8935483870968,6,17.2661290322581,44.2903225806452
47.4814,7.730519,1978,"1978-04-18",108,"7","liestal",9,"Fall",20.53,26.8,9.21666666666667,3.6,14.8733333333333,25
47.4814,7.730519,1978,"1978-04-18",108,"7","liestal",10,"Fall",14.041935483871,21.4,6.43548387096774,2.1,10.2387096774194,20.7741935483871
47.4814,7.730519,1978,"1978-04-18",108,"7","liestal",11,"Fall",7.21333333333333,13.4,1.51,-6.5,4.36166666666667,5.6
47.4814,7.730519,1979,"1979-04-15",105,"7","liestal",0,"Winter",5.64516129032258,14.2,0.719354838709677,-4.7,3.18225806451613,41.3548387096774
47.4814,7.730519,1979,"1979-04-15",105,"7","liestal",1,"Winter",1.20645161290323,11,-4.36774193548387,-13.5,-1.58064516129032,32.7741935483871
47.4814,7.730519,1979,"1979-04-15",105,"7","liestal",2,"Winter",5.57857142857143,11.5,0.225,-6,2.90178571428571,40.1071428571429
47.4814,7.730519,1979,"1979-04-15",105,"7","liestal",3,"Spring",10.4870967741935,16.7,3.55161290322581,-2.5,7.01935483870968,42.3225806451613
47.4814,7.730519,1979,"1979-04-15",105,"7","liestal",4,"Spring",12.96,21,3.92666666666667,-1.5,8.44333333333333,30.6666666666667
47.4814,7.730519,1979,"1979-04-15",105,"7","liestal",5,"Spring",19.7870967741935,30.7,7.80967741935484,-1.1,13.7983870967742,24.1612903225806
47.4814,7.730519,1979,"1979-04-15",105,"7","liestal",6,"Summer",23.0966666666667,28.4,13.13,8,18.1133333333333,32.2666666666667
47.4814,7.730519,1979,"1979-04-15",105,"7","liestal",7,"Summer",24.4774193548387,31.5,13.1322580645161,8.4,18.8048387096774,26.3225806451613
47.4814,7.730519,1979,"1979-04-15",105,"7","liestal",8,"Summer",22.4741935483871,30.7,12.3032258064516,5.4,17.3887096774194,45.1290322580645
47.4814,7.730519,1979,"1979-04-15",105,"7","liestal",9,"Fall",20.86,28.2,10.94,5.1,15.9,16.6333333333333
47.4814,7.730519,1979,"1979-04-15",105,"7","liestal",10,"Fall",15.5451612903226,23,8.60967741935484,2.4,12.0774193548387,17.0322580645161
47.4814,7.730519,1979,"1979-04-15",105,"7","liestal",11,"Fall",8.14666666666667,15.6,2.51,-2.2,5.32833333333333,39.8
47.4814,7.730519,1980,"1980-04-13",104,"6","liestal",0,"Winter",8.34193548387097,15.5,2.04516129032258,-2,5.19354838709677,25.0645161290323
47.4814,7.730519,1980,"1980-04-13",104,"6","liestal",1,"Winter",2.53225806451613,10.7,-1.75806451612903,-6.6,0.387096774193548,36
47.4814,7.730519,1980,"1980-04-13",104,"6","liestal",2,"Winter",8.58275862068965,13.1,1.59310344827586,-2,5.08793103448276,18.551724137931
47.4814,7.730519,1980,"1980-04-13",104,"6","liestal",3,"Spring",10.4193548387097,15.5,2.52903225806452,-5.6,6.4741935483871,30.1290322580645
47.4814,7.730519,1980,"1980-04-13",104,"6","liestal",4,"Spring",12.8166666666667,21.2,3.44,-0.5,8.12833333333333,13.9333333333333
47.4814,7.730519,1980,"1980-04-13",104,"6","liestal",5,"Spring",17.7258064516129,24.4,7.16451612903226,3.7,12.4451612903226,28.2258064516129
47.4814,7.730519,1980,"1980-04-13",104,"6","liestal",6,"Summer",20.0933333333333,29.5,11.4533333333333,7.5,15.7733333333333,49.4333333333333
47.4814,7.730519,1980,"1980-04-13",104,"6","liestal",7,"Summer",21.4193548387097,31.5,12.0967741935484,6.5,16.758064516129,52.5806451612903
47.4814,7.730519,1980,"1980-04-13",104,"6","liestal",8,"Summer",24.4612903225806,32.5,14.5193548387097,5.5,19.4903225806452,25.6129032258065
47.4814,7.730519,1980,"1980-04-13",104,"6","liestal",9,"Fall",22.3,27.5,11.2433333333333,6.1,16.7716666666667,9.5
47.4814,7.730519,1980,"1980-04-13",104,"6","liestal",10,"Fall",13.7032258064516,20.8,6.04838709677419,0,9.8758064516129,36.2258064516129
47.4814,7.730519,1980,"1980-04-13",104,"6","liestal",11,"Fall",6.56666666666667,16,1.09666666666667,-3.6,3.83166666666667,17.5
47.4814,7.730519,1981,"1981-04-02",92,"4","liestal",0,"Winter",3.0741935483871,10.6,-2.46129032258065,-12.2,0.306451612903226,20.9677419354839
47.4814,7.730519,1981,"1981-04-02",92,"4","liestal",1,"Winter",2.34193548387097,9.7,-3.22258064516129,-10.7,-0.440322580645161,37.0322580645161
47.4814,7.730519,1981,"1981-04-02",92,"4","liestal",2,"Winter",3.87857142857143,8.2,-2.59285714285714,-8,0.642857142857143,22.4642857142857
47.4814,7.730519,1981,"1981-04-02",92,"4","liestal",3,"Spring",13.3806451612903,22.9,4.95483870967742,-2,9.16774193548387,46.0645161290323
47.4814,7.730519,1981,"1981-04-02",92,"4","liestal",4,"Spring",16.5666666666667,24,5.47,-1.3,11.0183333333333,9.4
47.4814,7.730519,1981,"1981-04-02",92,"4","liestal",5,"Spring",19.141935483871,29,8.77741935483871,4,13.9596774193548,62
47.4814,7.730519,1981,"1981-04-02",92,"4","liestal",6,"Summer",22.2966666666667,31.1,11.86,5.1,17.0783333333333,22.1333333333333
47.4814,7.730519,1981,"1981-04-02",92,"4","liestal",7,"Summer",23.1225806451613,30.9,12.8806451612903,5.6,18.0016129032258,57.7096774193548
47.4814,7.730519,1981,"1981-04-02",92,"4","liestal",8,"Summer",25.1516129032258,32,12.9032258064516,7.1,19.0274193548387,15.5161290322581
47.4814,7.730519,1981,"1981-04-02",92,"4","liestal",9,"Fall",20.3933333333333,26.2,11.74,5.4,16.0666666666667,47
47.4814,7.730519,1981,"1981-04-02",92,"4","liestal",10,"Fall",14.041935483871,23.7,6.80967741935484,0.5,10.4258064516129,72.7741935483871
47.4814,7.730519,1981,"1981-04-02",92,"4","liestal",11,"Fall",9.64333333333333,19.2,2.08,-4.9,5.86166666666667,29.0666666666667
47.4814,7.730519,1982,"1982-04-18",108,"7","liestal",0,"Winter",4.89677419354839,11.8,-0.712903225806451,-11.1,2.09193548387097,60.5806451612903
47.4814,7.730519,1982,"1982-04-18",108,"7","liestal",1,"Winter",3.47741935483871,12.2,-1.37741935483871,-6.9,1.05,55.6451612903226
47.4814,7.730519,1982,"1982-04-18",108,"7","liestal",2,"Winter",5.70357142857143,12.5,-0.535714285714286,-6.5,2.58392857142857,7.96428571428571
47.4814,7.730519,1982,"1982-04-18",108,"7","liestal",3,"Spring",10.458064516129,18.5,1.42903225806452,-1.5,5.94354838709677,32.9354838709677
47.4814,7.730519,1982,"1982-04-18",108,"7","liestal",4,"Spring",14.3733333333333,21,2.96,-1.6,8.66666666666667,10.4
47.4814,7.730519,1982,"1982-04-18",108,"7","liestal",5,"Spring",20.6806451612903,28,8.15483870967742,1.4,14.4177419354839,26.1935483870968
47.4814,7.730519,1982,"1982-04-18",108,"7","liestal",6,"Summer",24.1233333333333,30.5,13.3433333333333,9.5,18.7333333333333,42.1
47.4814,7.730519,1982,"1982-04-18",108,"7","liestal",7,"Summer",26.4548387096774,33.1,15.358064516129,9,20.9064516129032,42.2903225806452
47.4814,7.730519,1982,"1982-04-18",108,"7","liestal",8,"Summer",23.558064516129,31.8,14.0290322580645,7.5,18.7935483870968,37.0322580645161
47.4814,7.730519,1982,"1982-04-18",108,"7","liestal",9,"Fall",23.3533333333333,30,13.0633333333333,6.2,18.2083333333333,23.7666666666667
47.4814,7.730519,1982,"1982-04-18",108,"7","liestal",10,"Fall",14.3935483870968,20.5,8.31290322580645,4.3,11.3532258064516,54
47.4814,7.730519,1982,"1982-04-18",108,"7","liestal",11,"Fall",10.3666666666667,17.6,4.07,-0.3,7.21833333333333,22.1666666666667
47.4814,7.730519,1983,"1983-04-11",101,"6","liestal",0,"Winter",6.84516129032258,14.9,1.86451612903226,-4.6,4.35483870967742,54.741935483871
47.4814,7.730519,1983,"1983-04-11",101,"6","liestal",1,"Winter",6.65806451612903,13.5,1.12903225806452,-3.4,3.89354838709677,28.3225806451613
47.4814,7.730519,1983,"1983-04-11",101,"6","liestal",2,"Winter",4.02142857142857,15.5,-1.88928571428571,-7,1.06607142857143,26.5357142857143
47.4814,7.730519,1983,"1983-04-11",101,"6","liestal",3,"Spring",11.3225806451613,18.8,2.90645161290323,-1.5,7.11451612903226,30.4193548387097
47.4814,7.730519,1983,"1983-04-11",101,"6","liestal",4,"Spring",15.5766666666667,23.8,5.92,0.2,10.7483333333333,43.2
47.4814,7.730519,1983,"1983-04-11",101,"6","liestal",5,"Spring",16.941935483871,26.6,8.16129032258065,5,12.5516129032258,58.6774193548387
47.4814,7.730519,1983,"1983-04-11",101,"6","liestal",6,"Summer",24.3433333333333,32.2,13.4733333333333,7,18.9083333333333,10.1666666666667
47.4814,7.730519,1983,"1983-04-11",101,"6","liestal",7,"Summer",30.9032258064516,37.8,16.0677419354839,8.4,23.4854838709677,10
47.4814,7.730519,1983,"1983-04-11",101,"6","liestal",8,"Summer",26.0903225806452,31.3,14.6064516129032,8.1,20.3483870967742,19.741935483871
47.4814,7.730519,1983,"1983-04-11",101,"6","liestal",9,"Fall",21.6933333333333,28.6,11.0166666666667,4.9,16.355,43.8333333333333
47.4814,7.730519,1983,"1983-04-11",101,"6","liestal",10,"Fall",15.7516129032258,25.4,6.98709677419355,-0.4,11.3693548387097,20.5483870967742
47.4814,7.730519,1983,"1983-04-11",101,"6","liestal",11,"Fall",7.78333333333333,17.5,1.67333333333333,-5.9,4.72833333333333,16.8333333333333
47.4814,7.730519,1984,"1984-04-19",110,"8","liestal",0,"Winter",4.93548387096774,15.8,-0.509677419354839,-6.6,2.21290322580645,21.8387096774194
47.4814,7.730519,1984,"1984-04-19",110,"8","liestal",1,"Winter",5.45806451612903,14.3,-0.335483870967742,-4.6,2.56129032258064,39.8064516129032
47.4814,7.730519,1984,"1984-04-19",110,"8","liestal",2,"Winter",4.48965517241379,11.2,-0.827586206896552,-8.4,1.83103448275862,26.5172413793103
47.4814,7.730519,1984,"1984-04-19",110,"8","liestal",3,"Spring",9.49677419354839,15.6,-0.632258064516129,-6.2,4.43225806451613,12.5161290322581
47.4814,7.730519,1984,"1984-04-19",110,"8","liestal",4,"Spring",14.6966666666667,25.5,3.04,-0.8,8.86833333333333,8.8
47.4814,7.730519,1984,"1984-04-19",110,"8","liestal",5,"Spring",15.9838709677419,22.6,6.99677419354839,0.2,11.4903225806452,49.5161290322581
47.4814,7.730519,1984,"1984-04-19",110,"8","liestal",6,"Summer",22.7266666666667,30.1,10.65,6.3,16.6883333333333,15.0666666666667
47.4814,7.730519,1984,"1984-04-19",110,"8","liestal",7,"Summer",26.0709677419355,35,12.7741935483871,6.4,19.4225806451613,16.9354838709677
47.4814,7.730519,1984,"1984-04-19",110,"8","liestal",8,"Summer",24.6870967741935,32.4,13.5967741935484,10.6,19.141935483871,34.3548387096774
47.4814,7.730519,1984,"1984-04-19",110,"8","liestal",9,"Fall",18.99,31,10.6133333333333,7.9,14.8016666666667,71.8
47.4814,7.730519,1984,"1984-04-19",110,"8","liestal",10,"Fall",15.9870967741935,22.7,8.05806451612903,3.7,12.0225806451613,16.0645161290323
47.4814,7.730519,1984,"1984-04-19",110,"8","liestal",11,"Fall",10.8366666666667,20.3,4.57666666666667,0.1,7.70666666666667,20.4
47.4814,7.730519,1985,"1985-04-16",106,"7","liestal",0,"Winter",5.18064516129032,12,1.00322580645161,-4.4,3.09193548387097,23.9354838709677
47.4814,7.730519,1985,"1985-04-16",106,"7","liestal",1,"Winter",-1.4,10,-7.46129032258064,-20.5,-4.43064516129032,29.7741935483871
47.4814,7.730519,1985,"1985-04-16",106,"7","liestal",2,"Winter",5.51071428571429,13,-2.86785714285714,-14,1.32142857142857,18.4285714285714
47.4814,7.730519,1985,"1985-04-16",106,"7","liestal",3,"Spring",8.90645161290323,17.5,1.23225806451613,-3.3,5.06935483870968,12.4516129032258
47.4814,7.730519,1985,"1985-04-16",106,"7","liestal",4,"Spring",15.3766666666667,25.8,4.54666666666667,-1.3,9.96166666666667,42.8666666666667
47.4814,7.730519,1985,"1985-04-16",106,"7","liestal",5,"Spring",19.1516129032258,30,8.79354838709677,-0.9,13.9725806451613,51.8064516129032
47.4814,7.730519,1985,"1985-04-16",106,"7","liestal",6,"Summer",21.7466666666667,29.5,10.9833333333333,5.1,16.365,33.4666666666667
47.4814,7.730519,1985,"1985-04-16",106,"7","liestal",7,"Summer",26.7290322580645,34.8,14.8838709677419,9.4,20.8064516129032,26.8064516129032
47.4814,7.730519,1985,"1985-04-16",106,"7","liestal",8,"Summer",25.9193548387097,35.3,12.7967741935484,6.8,19.358064516129,26.4193548387097
47.4814,7.730519,1985,"1985-04-16",106,"7","liestal",9,"Fall",23.9366666666667,29.3,10.8333333333333,4.6,17.385,12.8666666666667
47.4814,7.730519,1985,"1985-04-16",106,"7","liestal",10,"Fall",16.5096774193548,28.5,6.52258064516129,1.5,11.5161290322581,3.45161290322581
47.4814,7.730519,1985,"1985-04-16",106,"7","liestal",11,"Fall",5.26333333333333,19.4,-0.186666666666667,-7,2.53833333333333,23.7333333333333
47.4814,7.730519,1986,"1986-05-01",121,"10","liestal",0,"Winter",7.36451612903226,14,1.2,-5.6,4.28225806451613,19.3225806451613
47.4814,7.730519,1986,"1986-05-01",121,"10","liestal",1,"Winter",5.34516129032258,13.5,-0.348387096774194,-7.3,2.49838709677419,45.5483870967742
47.4814,7.730519,1986,"1986-05-01",121,"10","liestal",2,"Winter",-0.871428571428571,5.5,-6.70714285714286,-14.4,-3.78928571428571,17.8928571428571
47.4814,7.730519,1986,"1986-05-01",121,"10","liestal",3,"Spring",9.40322580645161,15.8,0.251612903225807,-7.4,4.82741935483871,17.2903225806452
47.4814,7.730519,1986,"1986-05-01",121,"10","liestal",4,"Spring",11.8433333333333,21,4.37333333333333,-5.4,8.10833333333333,60.5333333333333
47.4814,7.730519,1986,"1986-05-01",121,"10","liestal",5,"Spring",21.7870967741935,29.8,10.7806451612903,6.4,16.2838709677419,43.3225806451613
47.4814,7.730519,1986,"1986-05-01",121,"10","liestal",6,"Summer",24.0833333333333,33,12.1833333333333,5.5,18.1333333333333,43.8
47.4814,7.730519,1986,"1986-05-01",121,"10","liestal",7,"Summer",25.9516129032258,32.5,13.3032258064516,8.6,19.6274193548387,22.1290322580645
47.4814,7.730519,1986,"1986-05-01",121,"10","liestal",8,"Summer",24.9193548387097,34.9,13.7838709677419,7.1,19.3516129032258,37.0322580645161
47.4814,7.730519,1986,"1986-05-01",121,"10","liestal",9,"Fall",21.1033333333333,29.1,10.33,5.4,15.7166666666667,14.2666666666667
47.4814,7.730519,1986,"1986-05-01",121,"10","liestal",10,"Fall",17.8032258064516,25.5,8.12258064516129,1,12.9629032258065,27.3225806451613
47.4814,7.730519,1986,"1986-05-01",121,"10","liestal",11,"Fall",10.4166666666667,15.7,3.27,-3.5,6.84333333333333,17.3666666666667
47.4814,7.730519,1987,"1987-04-22",112,"8","liestal",0,"Winter",5.53548387096774,12.5,0.306451612903226,-9.5,2.92096774193548,29
47.4814,7.730519,1987,"1987-04-22",112,"8","liestal",1,"Winter",-0.32258064516129,13.2,-5.69354838709677,-22.9,-3.00806451612903,13.0967741935484
47.4814,7.730519,1987,"1987-04-22",112,"8","liestal",2,"Winter",4.91428571428571,14.4,0.325,-6.7,2.61964285714286,31.6071428571429
47.4814,7.730519,1987,"1987-04-22",112,"8","liestal",3,"Spring",7.62258064516129,16.2,-0.345161290322581,-7.2,3.63870967741935,17.0645161290323
47.4814,7.730519,1987,"1987-04-22",112,"8","liestal",4,"Spring",17.41,26.4,5.21666666666667,-1.9,11.3133333333333,21.6
47.4814,7.730519,1987,"1987-04-22",112,"8","liestal",5,"Spring",16.7677419354839,25.6,6.59677419354839,1.8,11.6822580645161,48.1290322580645
47.4814,7.730519,1987,"1987-04-22",112,"8","liestal",6,"Summer",20.8233333333333,33.4,11.8966666666667,6.6,16.36,67.7
47.4814,7.730519,1987,"1987-04-22",112,"8","liestal",7,"Summer",25.0129032258065,31.5,15.3129032258065,8,20.1629032258065,36.8064516129032
47.4814,7.730519,1987,"1987-04-22",112,"8","liestal",8,"Summer",24.1774193548387,32.5,14.0548387096774,7,19.1161290322581,31.1935483870968
47.4814,7.730519,1987,"1987-04-22",112,"8","liestal",9,"Fall",23.6066666666667,31.6,13.55,2.7,18.5783333333333,52.6
47.4814,7.730519,1987,"1987-04-22",112,"8","liestal",10,"Fall",15.1322580645161,21.6,9.10967741935484,4.1,12.1209677419355,21.9032258064516
47.4814,7.730519,1987,"1987-04-22",112,"8","liestal",11,"Fall",9.25666666666667,16,4,-1,6.62833333333333,25.1
47.4814,7.730519,1988,"1988-04-17",108,"7","liestal",0,"Winter",5.80322580645161,14,1.37741935483871,-5.5,3.59032258064516,22.1935483870968
47.4814,7.730519,1988,"1988-04-17",108,"7","liestal",1,"Winter",8.24516129032258,17.9,2.60967741935484,-0.8,5.42741935483871,26.2258064516129
47.4814,7.730519,1988,"1988-04-17",108,"7","liestal",2,"Winter",6.93793103448276,13.3,0.348275862068965,-3,3.64310344827586,26.4137931034483
47.4814,7.730519,1988,"1988-04-17",108,"7","liestal",3,"Spring",8.32258064516129,16,2.79032258064516,-4.8,5.55645161290323,48.4193548387097
47.4814,7.730519,1988,"1988-04-17",108,"7","liestal",4,"Spring",16.2733333333333,25.5,5.68666666666667,-1.1,10.98,11.4666666666667
47.4814,7.730519,1988,"1988-04-17",108,"7","liestal",5,"Spring",20.9935483870968,28.3,11.0967741935484,4,16.0451612903226,21
47.4814,7.730519,1988,"1988-04-17",108,"7","liestal",6,"Summer",23.0666666666667,26.8,12.2033333333333,8.4,17.635,25.7666666666667
47.4814,7.730519,1988,"1988-04-17",108,"7","liestal",7,"Summer",25.3677419354839,35,13.8290322580645,9.7,19.5983870967742,31.6774193548387
47.4814,7.730519,1988,"1988-04-17",108,"7","liestal",8,"Summer",25.5516129032258,32.8,14.2645161290323,9.9,19.908064516129,44.0645161290323
47.4814,7.730519,1988,"1988-04-17",108,"7","liestal",9,"Fall",20.2866666666667,26.4,11.57,7.3,15.9283333333333,22.6
47.4814,7.730519,1988,"1988-04-17",108,"7","liestal",10,"Fall",16.158064516129,24.2,9.00645161290323,0,12.5822580645161,35.1612903225806
47.4814,7.730519,1988,"1988-04-17",108,"7","liestal",11,"Fall",7.69333333333333,15.6,1.65,-8,4.67166666666667,14.4
47.4814,7.730519,1989,"1989-03-28",87,"2","liestal",0,"Winter",6.86774193548387,14.2,1.99032258064516,-5.4,4.42903225806452,25.2903225806452
47.4814,7.730519,1989,"1989-03-28",87,"2","liestal",1,"Winter",5.2741935483871,10.9,0.529032258064516,-3,2.90161290322581,5.67741935483871
47.4814,7.730519,1989,"1989-03-28",87,"2","liestal",2,"Winter",7.63571428571429,14.1,1.41428571428571,-3.2,4.525,34
47.4814,7.730519,1989,"1989-03-28",87,"2","liestal",3,"Spring",15.0774193548387,25.6,4.21290322580645,-1.7,9.64516129032258,18.1612903225806
47.4814,7.730519,1989,"1989-03-28",87,"2","liestal",4,"Spring",12.63,21,5.44666666666667,0.3,9.03833333333333,45.2666666666667
47.4814,7.730519,1989,"1989-03-28",87,"2","liestal",5,"Spring",22.9838709677419,29.1,9.15483870967742,0.6,16.0693548387097,17.1935483870968
47.4814,7.730519,1989,"1989-03-28",87,"2","liestal",6,"Summer",23.0666666666667,30.6,11.12,5,17.0933333333333,17.3
47.4814,7.730519,1989,"1989-03-28",87,"2","liestal",7,"Summer",26.0354838709677,33.5,15.2096774193548,8.3,20.6225806451613,21.7741935483871
47.4814,7.730519,1989,"1989-03-28",87,"2","liestal",8,"Summer",25.4838709677419,34.6,14.2258064516129,6.2,19.8548387096774,22.9354838709677
47.4814,7.730519,1989,"1989-03-28",87,"2","liestal",9,"Fall",21.16,28.4,11.1933333333333,3.2,16.1766666666667,20.9
47.4814,7.730519,1989,"1989-03-28",87,"2","liestal",10,"Fall",17.3064516129032,22.7,7.45806451612903,1.4,12.3822580645161,22.7741935483871
47.4814,7.730519,1989,"1989-03-28",87,"2","liestal",11,"Fall",7.45,18.5,1.25333333333333,-8.5,4.35166666666667,13
47.4814,7.730519,1990,"1990-03-16",75,"0","liestal",0,"Winter",6.89032258064516,20.2,0.929032258064516,-4.8,3.90967741935484,26.0967741935484
47.4814,7.730519,1990,"1990-03-16",75,"0","liestal",1,"Winter",5.40645161290323,14.8,-0.0612903225806452,-4.5,2.67258064516129,9.74193548387096
47.4814,7.730519,1990,"1990-03-16",75,"0","liestal",2,"Winter",12.9928571428571,21.8,3.24285714285714,-1,8.11785714285714,28.0357142857143
47.4814,7.730519,1990,"1990-03-16",75,"0","liestal",3,"Spring",14.3612903225806,24.6,3.29677419354839,-3.4,8.82903225806452,10.5161290322581
47.4814,7.730519,1990,"1990-03-16",75,"0","liestal",4,"Spring",13.4833333333333,22.3,4.66333333333333,0,9.07333333333333,30.3
47.4814,7.730519,1990,"1990-03-16",75,"0","liestal",5,"Spring",22.8,26.2,10.4193548387097,4.2,16.6096774193548,12.0322580645161
47.4814,7.730519,1990,"1990-03-16",75,"0","liestal",6,"Summer",22.38,31.8,12.42,8,17.4,67.4
47.4814,7.730519,1990,"1990-03-16",75,"0","liestal",7,"Summer",26.0838709677419,35.3,13.6451612903226,8,19.8645161290323,31.8064516129032
47.4814,7.730519,1990,"1990-03-16",75,"0","liestal",8,"Summer",26.841935483871,33.8,14.1096774193548,8.1,20.4758064516129,15.9677419354839
47.4814,7.730519,1990,"1990-03-16",75,"0","liestal",9,"Fall",20.2,25.3,9.73333333333333,4,14.9666666666667,29.4
47.4814,7.730519,1990,"1990-03-16",75,"0","liestal",10,"Fall",17.6258064516129,24.4,8.91935483870968,1.2,13.2725806451613,23.258064516129
47.4814,7.730519,1990,"1990-03-16",75,"0","liestal",11,"Fall",8.47333333333333,17,3.80333333333333,-1.6,6.13833333333333,43.4666666666667
47.4814,7.730519,1991,"1991-04-04",94,"4","liestal",0,"Winter",3.7258064516129,14.6,-0.6,-6.5,1.56290322580645,38
47.4814,7.730519,1991,"1991-04-04",94,"4","liestal",1,"Winter",5.12258064516129,18.8,0.612903225806452,-4.8,2.86774193548387,16.0967741935484
47.4814,7.730519,1991,"1991-04-04",94,"4","liestal",2,"Winter",4.53928571428571,16.9,-3.59642857142857,-13,0.471428571428572,8.64285714285714
47.4814,7.730519,1991,"1991-04-04",94,"4","liestal",3,"Spring",12.9290322580645,20.2,5.00322580645161,-1.8,8.96612903225807,24.8387096774194
47.4814,7.730519,1991,"1991-04-04",94,"4","liestal",4,"Spring",15.1566666666667,21.5,3.66333333333333,-3.2,9.41,10.9333333333333
47.4814,7.730519,1991,"1991-04-04",94,"4","liestal",5,"Spring",16.9258064516129,26.8,6.12258064516129,0.7,11.5241935483871,15.0645161290323
47.4814,7.730519,1991,"1991-04-04",94,"4","liestal",6,"Summer",21.1866666666667,29,11.7233333333333,5.8,16.455,55.4666666666667
47.4814,7.730519,1991,"1991-04-04",94,"4","liestal",7,"Summer",27.8096774193548,34.1,15.4225806451613,10.7,21.6161290322581,27.1290322580645
47.4814,7.730519,1991,"1991-04-04",94,"4","liestal",8,"Summer",28.0129032258065,34.5,14.6387096774194,9.1,21.3258064516129,5.64516129032258
47.4814,7.730519,1991,"1991-04-04",94,"4","liestal",9,"Fall",23.44,29,12.7066666666667,7.2,18.0733333333333,32
47.4814,7.730519,1991,"1991-04-04",94,"4","liestal",10,"Fall",14.0838709677419,22,6.68387096774194,-1.5,10.3838709677419,22.8064516129032
47.4814,7.730519,1991,"1991-04-04",94,"4","liestal",11,"Fall",8.16,19,3.08333333333333,-1.2,5.62166666666667,39.5333333333333
47.4814,7.730519,1992,"1992-04-11",102,"6","liestal",0,"Winter",3.83225806451613,12.5,-1.24838709677419,-5.4,1.29193548387097,27.5483870967742
47.4814,7.730519,1992,"1992-04-11",102,"6","liestal",1,"Winter",3.63870967741935,10.9,-1.75483870967742,-9.3,0.941935483870968,8.96774193548387
47.4814,7.730519,1992,"1992-04-11",102,"6","liestal",2,"Winter",7.44827586206897,14.8,-0.510344827586207,-9,3.46896551724138,25.2068965517241
47.4814,7.730519,1992,"1992-04-11",102,"6","liestal",3,"Spring",12.1387096774194,17.6,3.01290322580645,0,7.5758064516129,26.9032258064516
47.4814,7.730519,1992,"1992-04-11",102,"6","liestal",4,"Spring",15.44,26.5,5.17333333333333,1,10.3066666666667,34.7
47.4814,7.730519,1992,"1992-04-11",102,"6","liestal",5,"Spring",22.3870967741935,30.2,10.4129032258065,2.3,16.4,13.4838709677419
47.4814,7.730519,1992,"1992-04-11",102,"6","liestal",6,"Summer",23.03,31,12.92,8,17.975,35.0333333333333
47.4814,7.730519,1992,"1992-04-11",102,"6","liestal",7,"Summer",26.1677419354839,33.5,15.7096774193548,12.5,20.9387096774194,33.1935483870968
47.4814,7.730519,1992,"1992-04-11",102,"6","liestal",8,"Summer",28.3193548387097,35,16.0645161290323,10.9,22.191935483871,40.2903225806452
47.4814,7.730519,1992,"1992-04-11",102,"6","liestal",9,"Fall",21.0466666666667,25.8,11.5333333333333,4.3,16.29,17.4333333333333
47.4814,7.730519,1992,"1992-04-11",102,"6","liestal",10,"Fall",12.158064516129,20.3,6.46774193548387,0.5,9.31290322580645,43
47.4814,7.730519,1992,"1992-04-11",102,"6","liestal",11,"Fall",10.8833333333333,18.5,5.00333333333333,-0.8,7.94333333333333,69.2333333333333
47.4814,7.730519,1993,"1993-04-11",101,"6","liestal",0,"Winter",4.90645161290323,17,0.806451612903226,-6,2.85645161290323,25.7741935483871
47.4814,7.730519,1993,"1993-04-11",101,"6","liestal",1,"Winter",7.83870967741935,18.5,0.874193548387097,-12.2,4.35645161290323,11.4516129032258
47.4814,7.730519,1993,"1993-04-11",101,"6","liestal",2,"Winter",4.32142857142857,8.1,-1.175,-10.8,1.57321428571429,8.5
47.4814,7.730519,1993,"1993-04-11",101,"6","liestal",3,"Spring",11.3741935483871,21,1.12903225806452,-7.2,6.25161290322581,6.29032258064516
47.4814,7.730519,1993,"1993-04-11",101,"6","liestal",4,"Spring",17.8066666666667,28.3,7.24333333333333,0,12.525,26.3
47.4814,7.730519,1993,"1993-04-11",101,"6","liestal",5,"Spring",21.5903225806452,30.6,10.9903225806452,6.4,16.2903225806452,22.5161290322581
47.4814,7.730519,1993,"1993-04-11",101,"6","liestal",6,"Summer",23.7766666666667,31.5,13.3666666666667,8,18.5716666666667,29.8333333333333
47.4814,7.730519,1993,"1993-04-11",101,"6","liestal",7,"Summer",23.9709677419355,34,13.9161290322581,7.9,18.9435483870968,49.7096774193548
47.4814,7.730519,1993,"1993-04-11",101,"6","liestal",8,"Summer",25.0322580645161,31.6,13.7870967741935,6.7,19.4096774193548,31.9032258064516
47.4814,7.730519,1993,"1993-04-11",101,"6","liestal",9,"Fall",19.11,27,10.8533333333333,5.5,14.9816666666667,40.1
47.4814,7.730519,1993,"1993-04-11",101,"6","liestal",10,"Fall",12.2451612903226,19,7.72258064516129,3.8,9.98387096774194,29.9032258064516
47.4814,7.730519,1993,"1993-04-11",101,"6","liestal",11,"Fall",5.23333333333333,15.6,1.28,-6.5,3.25666666666667,6.13333333333333
47.4814,7.730519,1994,"1994-03-23",82,"1","liestal",0,"Winter",8.99677419354839,18.5,2.48709677419355,-2.5,5.74193548387097,39
47.4814,7.730519,1994,"1994-03-23",82,"1","liestal",1,"Winter",6.94838709677419,15,1.35161290322581,-7.2,4.15,31.741935483871
47.4814,7.730519,1994,"1994-03-23",82,"1","liestal",2,"Winter",6.84642857142857,14.5,0.678571428571428,-7.2,3.7625,23.8214285714286
47.4814,7.730519,1994,"1994-03-23",82,"1","liestal",3,"Spring",14.7838709677419,22.5,6.31612903225806,-0.6,10.55,16.3548387096774
47.4814,7.730519,1994,"1994-03-23",82,"1","liestal",4,"Spring",13.5566666666667,26.3,4.79,-0.5,9.17333333333333,35.0333333333333
47.4814,7.730519,1994,"1994-03-23",82,"1","liestal",5,"Spring",19.7096774193548,25.5,10.4258064516129,5,15.0677419354839,46.1935483870968
47.4814,7.730519,1994,"1994-03-23",82,"1","liestal",6,"Summer",24.2933333333333,31.4,12.9966666666667,6.5,18.645,19.2666666666667
47.4814,7.730519,1994,"1994-03-23",82,"1","liestal",7,"Summer",29.658064516129,35,17.6645161290323,12.2,23.6612903225806,11
47.4814,7.730519,1994,"1994-03-23",82,"1","liestal",8,"Summer",27.041935483871,36.5,15.7838709677419,10,21.4129032258065,21.5483870967742
47.4814,7.730519,1994,"1994-03-23",82,"1","liestal",9,"Fall",19.6766666666667,26.2,11.7666666666667,4.8,15.7216666666667,41.8666666666667
47.4814,7.730519,1994,"1994-03-23",82,"1","liestal",10,"Fall",15.8677419354839,24.8,7.13225806451613,1.5,11.5,21
47.4814,7.730519,1994,"1994-03-23",82,"1","liestal",11,"Fall",12.0733333333333,17,6.61,4,9.34166666666667,17.3
47.4814,7.730519,1995,"1995-04-03",93,"4","liestal",0,"Winter",7.79677419354839,14.2,2.70645161290323,-1.8,5.25161290322581,46.2258064516129
47.4814,7.730519,1995,"1995-04-03",93,"4","liestal",1,"Winter",5.11935483870968,15.8,-1.40322580645161,-9.1,1.85806451612903,41.6129032258064
47.4814,7.730519,1995,"1995-04-03",93,"4","liestal",2,"Winter",10.9107142857143,17.3,3.03571428571429,-1.4,6.97321428571429,43.2857142857143
47.4814,7.730519,1995,"1995-04-03",93,"4","liestal",3,"Spring",10.0967741935484,19.3,1.13548387096774,-2.6,5.61612903225806,30.5483870967742
47.4814,7.730519,1995,"1995-04-03",93,"4","liestal",4,"Spring",15.36,23.1,6.14333333333333,1.6,10.7516666666667,17.1333333333333
47.4814,7.730519,1995,"1995-04-03",93,"4","liestal",5,"Spring",20.0870967741935,28,9.00645161290323,2,14.5467741935484,42.6451612903226
47.4814,7.730519,1995,"1995-04-03",93,"4","liestal",6,"Summer",21.7133333333333,31.5,11.7666666666667,8.3,16.74,21.1
47.4814,7.730519,1995,"1995-04-03",93,"4","liestal",7,"Summer",28.5258064516129,35.2,16.9677419354839,13.9,22.7467741935484,39.1612903225806
47.4814,7.730519,1995,"1995-04-03",93,"4","liestal",8,"Summer",25.0741935483871,32.8,15.1290322580645,8.2,20.1016129032258,39.7096774193548
47.4814,7.730519,1995,"1995-04-03",93,"4","liestal",9,"Fall",18.37,23.5,10.1466666666667,3.5,14.2583333333333,39.7
47.4814,7.730519,1995,"1995-04-03",93,"4","liestal",10,"Fall",19.2741935483871,24,11.5483870967742,6.5,15.4112903225806,4.7741935483871
47.4814,7.730519,1995,"1995-04-03",93,"4","liestal",11,"Fall",8.60333333333333,17.2,2.75333333333333,-4,5.67833333333333,31.2
47.4814,7.730519,1996,"1996-04-18",109,"8","liestal",0,"Winter",3.61935483870968,15.1,0.0548387096774192,-4.4,1.83709677419355,40.2258064516129
47.4814,7.730519,1996,"1996-04-18",109,"8","liestal",1,"Winter",3.78064516129032,10.4,0.148387096774194,-3.6,1.96451612903226,3.38709677419355
47.4814,7.730519,1996,"1996-04-18",109,"8","liestal",2,"Winter",4.86896551724138,14.2,-1.62068965517241,-7.9,1.62413793103448,17.2068965517241
47.4814,7.730519,1996,"1996-04-18",109,"8","liestal",3,"Spring",9.76451612903226,22,0.690322580645161,-7.6,5.22741935483871,10.7741935483871
47.4814,7.730519,1996,"1996-04-18",109,"8","liestal",4,"Spring",16.6866666666667,27.2,5.90333333333333,-2.3,11.295,8.06666666666667
47.4814,7.730519,1996,"1996-04-18",109,"8","liestal",5,"Spring",18.0032258064516,29.5,9.33870967741935,6,13.6709677419355,36.258064516129
47.4814,7.730519,1996,"1996-04-18",109,"8","liestal",6,"Summer",24.1833333333333,32.1,13.38,9,18.7816666666667,20.7333333333333
47.4814,7.730519,1996,"1996-04-18",109,"8","liestal",7,"Summer",24.5290322580645,30,13.7258064516129,9.1,19.1274193548387,25.8387096774194
47.4814,7.730519,1996,"1996-04-18",109,"8","liestal",8,"Summer",23.8709677419355,31.2,14.358064516129,9.4,19.1145161290323,31.258064516129
47.4814,7.730519,1996,"1996-04-18",109,"8","liestal",9,"Fall",18.13,24.1,8.81333333333333,4.8,13.4716666666667,12.7333333333333
47.4814,7.730519,1996,"1996-04-18",109,"8","liestal",10,"Fall",15.1774193548387,22,7.83225806451613,1.9,11.5048387096774,33.2903225806452
47.4814,7.730519,1996,"1996-04-18",109,"8","liestal",11,"Fall",9.06333333333333,18.2,3.54666666666667,-1.8,6.305,49.2
47.4814,7.730519,1997,"1997-03-22",81,"1","liestal",0,"Winter",3.11612903225806,11.5,-1.13225806451613,-12,0.991935483870968,25.5483870967742
47.4814,7.730519,1997,"1997-03-22",81,"1","liestal",1,"Winter",1.00967741935484,8.2,-2.48064516129032,-10.5,-0.735483870967742,8.32258064516129
47.4814,7.730519,1997,"1997-03-22",81,"1","liestal",2,"Winter",10.675,17.1,1.84642857142857,-2.7,6.26071428571429,31.2142857142857
47.4814,7.730519,1997,"1997-03-22",81,"1","liestal",3,"Spring",14.4064516129032,21.2,4.26129032258064,0.4,9.33387096774194,6.58064516129032
47.4814,7.730519,1997,"1997-03-22",81,"1","liestal",4,"Spring",15.2933333333333,22.4,3.21666666666667,-1.1,9.255,22.8666666666667
47.4814,7.730519,1997,"1997-03-22",81,"1","liestal",5,"Spring",21.0709677419355,28.5,9.66129032258064,5.2,15.3661290322581,22.6129032258065
47.4814,7.730519,1997,"1997-03-22",81,"1","liestal",6,"Summer",22.5366666666667,31,13.2866666666667,8.5,17.9116666666667,52.5333333333333
47.4814,7.730519,1997,"1997-03-22",81,"1","liestal",7,"Summer",23.8774193548387,28.8,13.6387096774194,10,18.758064516129,27.2258064516129
47.4814,7.730519,1997,"1997-03-22",81,"1","liestal",8,"Summer",27.9806451612903,32.7,15.8774193548387,11.8,21.9290322580645,14.2903225806452
47.4814,7.730519,1997,"1997-03-22",81,"1","liestal",9,"Fall",23.29,29.3,11.44,6.3,17.365,24.2666666666667
47.4814,7.730519,1997,"1997-03-22",81,"1","liestal",10,"Fall",15.6774193548387,25.9,6.56774193548387,-5,11.1225806451613,19.3548387096774
47.4814,7.730519,1997,"1997-03-22",81,"1","liestal",11,"Fall",9.70333333333333,15.5,3.41333333333333,-2.6,6.55833333333333,20.4333333333333
47.4814,7.730519,1998,"1998-03-31",90,"3","liestal",0,"Winter",6.41935483870968,16,1.74516129032258,-1.8,4.08225806451613,57.9354838709677
47.4814,7.730519,1998,"1998-03-31",90,"3","liestal",1,"Winter",7.38064516129032,15.2,1.0258064516129,-4.2,4.20322580645161,24.5806451612903
47.4814,7.730519,1998,"1998-03-31",90,"3","liestal",2,"Winter",11.025,18.1,0.221428571428572,-6.8,5.62321428571429,11.5714285714286
47.4814,7.730519,1998,"1998-03-31",90,"3","liestal",3,"Spring",12.5290322580645,23.3,2.4741935483871,-4.3,7.50161290322581,15.4193548387097
47.4814,7.730519,1998,"1998-03-31",90,"3","liestal",4,"Spring",15.43,24.2,5.98666666666667,-0.5,10.7083333333333,52.5333333333333
47.4814,7.730519,1998,"1998-03-31",90,"3","liestal",5,"Spring",22.5903225806452,31,9.87096774193548,3,16.2306451612903,13.2903225806452
47.4814,7.730519,1998,"1998-03-31",90,"3","liestal",6,"Summer",24.62,34,13.65,6.5,19.135,43.1
47.4814,7.730519,1998,"1998-03-31",90,"3","liestal",7,"Summer",25.6225806451613,36.5,15.1677419354839,9,20.3951612903226,36.1935483870968
47.4814,7.730519,1998,"1998-03-31",90,"3","liestal",8,"Summer",26.0838709677419,36.8,13.7064516129032,6.1,19.8951612903226,29.8064516129032
47.4814,7.730519,1998,"1998-03-31",90,"3","liestal",9,"Fall",19.9833333333333,28,11.5233333333333,5.2,15.7533333333333,48.6666666666667
47.4814,7.730519,1998,"1998-03-31",90,"3","liestal",10,"Fall",15.2032258064516,23.5,8.1,3.4,11.6516129032258,44.3870967741936
47.4814,7.730519,1998,"1998-03-31",90,"3","liestal",11,"Fall",6.96333333333333,14.3,0.65,-7.9,3.80666666666667,35.1
47.4814,7.730519,1999,"1999-04-04",94,"4","liestal",0,"Winter",5.59032258064516,13,-0.3,-5.3,2.64516129032258,19.7096774193548
47.4814,7.730519,1999,"1999-04-04",94,"4","liestal",1,"Winter",7.23548387096774,14,0.064516129032258,-7.1,3.65,20.8064516129032
47.4814,7.730519,1999,"1999-04-04",94,"4","liestal",2,"Winter",4.25,12.1,-1.72857142857143,-13,1.26071428571429,69.7142857142857
47.4814,7.730519,1999,"1999-04-04",94,"4","liestal",3,"Spring",12.258064516129,20.7,3.23225806451613,-0.8,7.74516129032258,25.5806451612903
47.4814,7.730519,1999,"1999-04-04",94,"4","liestal",4,"Spring",16.1533333333333,23.4,6.06333333333333,0.8,11.1083333333333,42.8333333333333
47.4814,7.730519,1999,"1999-04-04",94,"4","liestal",5,"Spring",22.0741935483871,31.5,11.7903225806452,8.2,16.9322580645161,49.7741935483871
47.4814,7.730519,1999,"1999-04-04",94,"4","liestal",6,"Summer",23.0133333333333,31.2,11.7266666666667,7,17.37,54.6666666666667
47.4814,7.730519,1999,"1999-04-04",94,"4","liestal",7,"Summer",26.4516129032258,34.1,15.4322580645161,9.4,20.941935483871,33.0322580645161
47.4814,7.730519,1999,"1999-04-04",94,"4","liestal",8,"Summer",25.2354838709677,30.1,15.3774193548387,10.5,20.3064516129032,40.9354838709677
47.4814,7.730519,1999,"1999-04-04",94,"4","liestal",9,"Fall",23.69,31.4,13.69,10,18.69,42.3333333333333
47.4814,7.730519,1999,"1999-04-04",94,"4","liestal",10,"Fall",15.458064516129,20.3,7.74838709677419,2.9,11.6032258064516,24.2903225806452
47.4814,7.730519,1999,"1999-04-04",94,"4","liestal",11,"Fall",6.49666666666667,17.5,1.85333333333333,-7.9,4.175,22.5666666666667
47.4814,7.730519,2000,"2000-04-01",92,"4","liestal",0,"Winter",6.64193548387097,14.6,0.732258064516129,-6,3.68709677419355,50.6129032258064
47.4814,7.730519,2000,"2000-04-01",92,"4","liestal",1,"Winter",4.69354838709677,12.6,-0.367741935483871,-9.5,2.16290322580645,12.5161290322581
47.4814,7.730519,2000,"2000-04-01",92,"4","liestal",2,"Winter",9.95862068965517,20.4,2.03103448275862,-3.6,5.9948275862069,36.9655172413793
47.4814,7.730519,2000,"2000-04-01",92,"4","liestal",3,"Spring",12.6548387096774,20.5,3.35483870967742,-2.5,8.00483870967742,16.4193548387097
47.4814,7.730519,2000,"2000-04-01",92,"4","liestal",4,"Spring",17.4166666666667,27.2,6.43666666666667,0,11.9266666666667,18.4666666666667
47.4814,7.730519,2000,"2000-04-01",92,"4","liestal",5,"Spring",22.9193548387097,29.6,11.2161290322581,6.7,17.0677419354839,25.9354838709677
47.4814,7.730519,2000,"2000-04-01",92,"4","liestal",6,"Summer",25.89,33.6,13.1366666666667,7.5,19.5133333333333,28.7333333333333
47.4814,7.730519,2000,"2000-04-01",92,"4","liestal",7,"Summer",22.8064516129032,32.2,13.1129032258065,8,17.9596774193548,62.258064516129
47.4814,7.730519,2000,"2000-04-01",92,"4","liestal",8,"Summer",26.9387096774194,33,15.1193548387097,11,21.0290322580645,21.6129032258065
47.4814,7.730519,2000,"2000-04-01",92,"4","liestal",9,"Fall",22.7766666666667,28,12.0466666666667,7.6,17.4116666666667,26.5
47.4814,7.730519,2000,"2000-04-01",92,"4","liestal",10,"Fall",16.3870967741935,21,8.70322580645161,3.5,12.5451612903226,20.2258064516129
47.4814,7.730519,2000,"2000-04-01",92,"4","liestal",11,"Fall",10.96,16.3,5.02333333333333,0.5,7.99166666666667,34.9
47.4814,7.730519,2001,"2001-03-30",89,"3","liestal",0,"Winter",8.18387096774194,15.1,3.22903225806452,-2,5.70645161290323,20.3870967741935
47.4814,7.730519,2001,"2001-03-30",89,"3","liestal",1,"Winter",6.22258064516129,15,0.932258064516129,-3.3,3.57741935483871,33.5161290322581
47.4814,7.730519,2001,"2001-03-30",89,"3","liestal",2,"Winter",9.23571428571429,16.6,1.04285714285714,-6.4,5.13928571428571,13.25
47.4814,7.730519,2001,"2001-03-30",89,"3","liestal",3,"Spring",11.9161290322581,20.9,5.13548387096774,-0.6,8.5258064516129,79.0645161290323
47.4814,7.730519,2001,"2001-03-30",89,"3","liestal",4,"Spring",13.72,23.5,4.86333333333333,0.5,9.29166666666667,50.8333333333333
47.4814,7.730519,2001,"2001-03-30",89,"3","liestal",5,"Spring",22.2290322580645,28.8,11.0129032258065,5.5,16.6209677419355,38.5483870967742
47.4814,7.730519,2001,"2001-03-30",89,"3","liestal",6,"Summer",22.6133333333333,32,11.68,5.3,17.1466666666667,34.5666666666667
47.4814,7.730519,2001,"2001-03-30",89,"3","liestal",7,"Summer",26.7677419354839,33.5,15.1516129032258,11.7,20.9596774193548,30.9354838709677
47.4814,7.730519,2001,"2001-03-30",89,"3","liestal",8,"Summer",27.8645161290323,35.2,15.9096774193548,10,21.8870967741935,19.3548387096774
47.4814,7.730519,2001,"2001-03-30",89,"3","liestal",9,"Fall",17.7966666666667,25.7,9.79333333333333,6,13.795,46.4
47.4814,7.730519,2001,"2001-03-30",89,"3","liestal",10,"Fall",20.7483870967742,28.6,10.6483870967742,7.4,15.6983870967742,30.7741935483871
47.4814,7.730519,2001,"2001-03-30",89,"3","liestal",11,"Fall",7.93,14.5,1.57666666666667,-3.2,4.75333333333333,34.6666666666667
47.4814,7.730519,2002,"2002-03-18",77,"0","liestal",0,"Winter",4.74838709677419,12.1,-1.57741935483871,-12.6,1.58548387096774,20.4838709677419
47.4814,7.730519,2002,"2002-03-18",77,"0","liestal",1,"Winter",5.59354838709677,17,-0.92258064516129,-9.5,2.33548387096774,9.32258064516129
47.4814,7.730519,2002,"2002-03-18",77,"0","liestal",2,"Winter",11.0178571428571,16.5,3.68571428571429,-4.6,7.35178571428571,31.5
47.4814,7.730519,2002,"2002-03-18",77,"0","liestal",3,"Spring",13.6774193548387,19.8,2.9258064516129,-3,8.30161290322581,10.4838709677419
47.4814,7.730519,2002,"2002-03-18",77,"0","liestal",4,"Spring",16.44,24,4.87,-0.5,10.655,15.7333333333333
47.4814,7.730519,2002,"2002-03-18",77,"0","liestal",5,"Spring",19.8903225806452,31.5,9.3258064516129,1.9,14.608064516129,40.7096774193548
47.4814,7.730519,2002,"2002-03-18",77,"0","liestal",6,"Summer",26.51,36.5,14.3566666666667,8.6,20.4333333333333,27.9666666666667
47.4814,7.730519,2002,"2002-03-18",77,"0","liestal",7,"Summer",25.358064516129,32.2,14.3516129032258,8.6,19.8548387096774,35.8709677419355
47.4814,7.730519,2002,"2002-03-18",77,"0","liestal",8,"Summer",25.2161290322581,32,15.0516129032258,11.5,20.1338709677419,28.7741935483871
47.4814,7.730519,2002,"2002-03-18",77,"0","liestal",9,"Fall",19.77,26.7,10.7266666666667,3.1,15.2483333333333,33.4666666666667
47.4814,7.730519,2002,"2002-03-18",77,"0","liestal",10,"Fall",16.3451612903226,24.1,7.50967741935484,2.5,11.9274193548387,60.7096774193548
47.4814,7.730519,2002,"2002-03-18",77,"0","liestal",11,"Fall",10.6366666666667,16,5.85,2.5,8.24333333333333,76.1666666666667
47.4814,7.730519,2003,"2003-04-02",92,"4","liestal",0,"Winter",7.09032258064516,14,3.62258064516129,-2.2,5.35645161290323,25.741935483871
47.4814,7.730519,2003,"2003-04-02",92,"4","liestal",1,"Winter",4.26774193548387,17.2,-0.851612903225807,-10.8,1.70806451612903,21.5483870967742
47.4814,7.730519,2003,"2003-04-02",92,"4","liestal",2,"Winter",4.25,15.2,-2.97857142857143,-9.5,0.635714285714286,12.0714285714286
47.4814,7.730519,2003,"2003-04-02",92,"4","liestal",3,"Spring",15.7903225806452,23,2.93225806451613,-1.5,9.36129032258065,14.1935483870968
47.4814,7.730519,2003,"2003-04-02",92,"4","liestal",4,"Spring",17.49,27,5.05333333333333,-1.5,11.2716666666667,21.3
47.4814,7.730519,2003,"2003-04-02",92,"4","liestal",5,"Spring",21.7741935483871,29.8,10.9064516129032,2.5,16.3403225806452,33.0645161290323
47.4814,7.730519,2003,"2003-04-02",92,"4","liestal",6,"Summer",31.2566666666667,36.5,17.63,14,24.4433333333333,6
47.4814,7.730519,2003,"2003-04-02",92,"4","liestal",7,"Summer",28.6129032258065,38,15.8806451612903,11,22.2467741935484,23.9677419354839
47.4814,7.730519,2003,"2003-04-02",92,"4","liestal",8,"Summer",32.1612903225806,39.2,17.3032258064516,12.4,24.7322580645161,17.5483870967742
47.4814,7.730519,2003,"2003-04-02",92,"4","liestal",9,"Fall",23,30.5,10.1366666666667,5.5,16.5683333333333,16.2333333333333
47.4814,7.730519,2003,"2003-04-02",92,"4","liestal",10,"Fall",12.5225806451613,25,4.96129032258065,-2.7,8.74193548387097,39.5483870967742
47.4814,7.730519,2003,"2003-04-02",92,"4","liestal",11,"Fall",10.4733333333333,15.2,3.59,-1,7.03166666666667,16.4666666666667
47.4814,7.730519,2004,"2004-04-01",92,"4","liestal",0,"Winter",5.38709677419355,12.5,0.380645161290323,-4.8,2.88387096774194,7.29032258064516
47.4814,7.730519,2004,"2004-04-01",92,"4","liestal",1,"Winter",5.1258064516129,15.5,-0.0483870967741937,-7.4,2.53870967741935,52.6451612903226
47.4814,7.730519,2004,"2004-04-01",92,"4","liestal",2,"Winter",7.40689655172414,16.8,-1.86206896551724,-7.5,2.77241379310345,14.9655172413793
47.4814,7.730519,2004,"2004-04-01",92,"4","liestal",3,"Spring",11.0935483870968,23.8,2.03870967741935,-4.3,6.56612903225806,13.8387096774194
47.4814,7.730519,2004,"2004-04-01",92,"4","liestal",4,"Spring",17.0233333333333,25,5.49,0.5,11.2566666666667,9.73333333333333
47.4814,7.730519,2004,"2004-04-01",92,"4","liestal",5,"Spring",19.1677419354839,28.5,7.84193548387097,3,13.5048387096774,28.5483870967742
47.4814,7.730519,2004,"2004-04-01",92,"4","liestal",6,"Summer",23.7966666666667,32.7,12.2166666666667,8.7,18.0066666666667,23.3
47.4814,7.730519,2004,"2004-04-01",92,"4","liestal",7,"Summer",25.7774193548387,32,14.241935483871,9.5,20.0096774193548,20.6451612903226
47.4814,7.730519,2004,"2004-04-01",92,"4","liestal",8,"Summer",26.0451612903226,33.4,15.6064516129032,12,20.8258064516129,33.6129032258064
47.4814,7.730519,2004,"2004-04-01",92,"4","liestal",9,"Fall",22.23,29.5,11.7333333333333,7.3,16.9816666666667,15.3
47.4814,7.730519,2004,"2004-04-01",92,"4","liestal",10,"Fall",16.4709677419355,26.2,9.23548387096774,4.7,12.8532258064516,54.3870967741936
47.4814,7.730519,2004,"2004-04-01",92,"4","liestal",11,"Fall",8.28666666666667,14.9,2.35333333333333,-4,5.32,8.83333333333333
47.4814,7.730519,2005,"2005-04-05",95,"4","liestal",0,"Winter",3.70322580645161,11,-0.161290322580645,-8.3,1.77096774193548,19.8709677419355
47.4814,7.730519,2005,"2005-04-05",95,"4","liestal",1,"Winter",5.54193548387097,12.1,-1.43870967741936,-12,2.05161290322581,14.2258064516129
47.4814,7.730519,2005,"2005-04-05",95,"4","liestal",2,"Winter",4.02857142857143,13,-1.84642857142857,-8.6,1.09107142857143,27.7142857142857
47.4814,7.730519,2005,"2005-04-05",95,"4","liestal",3,"Spring",12.4290322580645,23.7,1.58064516129032,-13.8,7.00483870967742,20.3548387096774
47.4814,7.730519,2005,"2005-04-05",95,"4","liestal",4,"Spring",15.6866666666667,28.3,5.98666666666667,-1.5,10.8366666666667,35.3333333333333
47.4814,7.730519,2005,"2005-04-05",95,"4","liestal",5,"Spring",21.1935483870968,32.5,9.41935483870968,3,15.3064516129032,40.9354838709677
47.4814,7.730519,2005,"2005-04-05",95,"4","liestal",6,"Summer",26.82,35.4,13.96,5.6,20.39,23.3
47.4814,7.730519,2005,"2005-04-05",95,"4","liestal",7,"Summer",25.6838709677419,35.7,14.741935483871,10.7,20.2129032258065,39.2258064516129
47.4814,7.730519,2005,"2005-04-05",95,"4","liestal",8,"Summer",23.6709677419355,31.4,13.041935483871,7.4,18.3564516129032,23.4838709677419
47.4814,7.730519,2005,"2005-04-05",95,"4","liestal",9,"Fall",22.6733333333333,29.5,12.1366666666667,5.8,17.405,13.6666666666667
47.4814,7.730519,2005,"2005-04-05",95,"4","liestal",10,"Fall",17.3516129032258,22.1,8.99032258064516,5.7,13.1709677419355,21.1612903225806
47.4814,7.730519,2005,"2005-04-05",95,"4","liestal",11,"Fall",8.53666666666667,19.7,1.95333333333333,-5.8,5.245,12.2
47.4814,7.730519,2006,"2006-04-21",111,"8","liestal",0,"Winter",3.14193548387097,11.4,-1.61290322580645,-10,0.764516129032258,20.9677419354839
47.4814,7.730519,2006,"2006-04-21",111,"8","liestal",1,"Winter",1.95806451612903,8.9,-3.2,-7.6,-0.620967741935484,4.29032258064516
47.4814,7.730519,2006,"2006-04-21",111,"8","liestal",2,"Winter",4.76785714285714,11.9,-1.325,-6.4,1.72142857142857,15.0714285714286
47.4814,7.730519,2006,"2006-04-21",111,"8","liestal",3,"Spring",8.86451612903226,23.3,0.787096774193548,-6.3,4.8258064516129,57.4193548387097
47.4814,7.730519,2006,"2006-04-21",111,"8","liestal",4,"Spring",15.64,24.7,4.82,-1.7,10.23,50.0666666666667
47.4814,7.730519,2006,"2006-04-21",111,"8","liestal",5,"Spring",20.2935483870968,26.5,9.80967741935484,5,15.0516129032258,45.7096774193548
47.4814,7.730519,2006,"2006-04-21",111,"8","liestal",6,"Summer",25.89,33.1,12.9166666666667,4.4,19.4033333333333,18.0333333333333
47.4814,7.730519,2006,"2006-04-21",111,"8","liestal",7,"Summer",31.4516129032258,36.5,17.6,14.6,24.5258064516129,18.9032258064516
47.4814,7.730519,2006,"2006-04-21",111,"8","liestal",8,"Summer",21.7645161290323,26.6,13.0548387096774,8.3,17.4096774193548,56.9032258064516
47.4814,7.730519,2006,"2006-04-21",111,"8","liestal",9,"Fall",23.8666666666667,29.5,14.1733333333333,9.5,19.02,46.5
47.4814,7.730519,2006,"2006-04-21",111,"8","liestal",10,"Fall",18.4258064516129,21.9,9.93225806451613,6.2,14.1790322580645,23.0645161290323
47.4814,7.730519,2006,"2006-04-21",111,"8","liestal",11,"Fall",11.8266666666667,15.9,4.36666666666667,-1.3,8.09666666666667,14.7
47.4814,7.730519,2007,"2007-04-04",94,"4","liestal",0,"Winter",6.91612903225806,16.3,1.18064516129032,-4.2,4.04838709677419,24.3870967741936
47.4814,7.730519,2007,"2007-04-04",94,"4","liestal",1,"Winter",8.84516129032258,16,2.42903225806452,-7.4,5.63709677419355,16
47.4814,7.730519,2007,"2007-04-04",94,"4","liestal",2,"Winter",10.9392857142857,15.8,2.25,-1.2,6.59464285714286,31.1071428571429
47.4814,7.730519,2007,"2007-04-04",94,"4","liestal",3,"Spring",12.5870967741935,19.2,1.86129032258065,-0.3,7.2241935483871,34.0967741935484
47.4814,7.730519,2007,"2007-04-04",94,"4","liestal",4,"Spring",23.05,28,6.74666666666667,1.2,14.8983333333333,0.7
47.4814,7.730519,2007,"2007-04-04",94,"4","liestal",5,"Spring",21.958064516129,30.5,10.7741935483871,4.1,16.3661290322581,41.3225806451613
47.4814,7.730519,2007,"2007-04-04",94,"4","liestal",6,"Summer",24.3866666666667,31,13.9866666666667,10,19.1866666666667,61.3333333333333
47.4814,7.730519,2007,"2007-04-04",94,"4","liestal",7,"Summer",24.758064516129,34.5,13.9935483870968,8.4,19.3758064516129,41.1290322580645
47.4814,7.730519,2007,"2007-04-04",94,"4","liestal",8,"Summer",24.1258064516129,33.6,13.9774193548387,9.4,19.0516129032258,48.6129032258064
47.4814,7.730519,2007,"2007-04-04",94,"4","liestal",9,"Fall",20.3866666666667,26.6,9.28,4.3,14.8333333333333,16.4
47.4814,7.730519,2007,"2007-04-04",94,"4","liestal",10,"Fall",15.5096774193548,25.7,6.51612903225806,-0.1,11.0129032258065,2.32258064516129
47.4814,7.730519,2007,"2007-04-04",94,"4","liestal",11,"Fall",7.93,12.9,1.19,-6,4.56,18.3
47.4814,7.730519,2008,"2008-03-29",89,"3","liestal",0,"Winter",4.76129032258065,14.8,-0.0741935483870965,-5.7,2.34354838709677,24.3225806451613
47.4814,7.730519,2008,"2008-03-29",89,"3","liestal",1,"Winter",7.8741935483871,13.9,0.574193548387097,-3.2,4.2241935483871,20.5483870967742
47.4814,7.730519,2008,"2008-03-29",89,"3","liestal",2,"Winter",10.7827586206897,19.2,-0.355172413793103,-5.3,5.21379310344828,8.31034482758621
47.4814,7.730519,2008,"2008-03-29",89,"3","liestal",3,"Spring",10.5161290322581,19.9,2.23870967741935,-4.9,6.37741935483871,22.1290322580645
47.4814,7.730519,2008,"2008-03-29",89,"3","liestal",4,"Spring",14.5133333333333,22.4,5.12,-1.8,9.81666666666667,41.6666666666667
47.4814,7.730519,2008,"2008-03-29",89,"3","liestal",5,"Spring",22.9612903225806,29.3,11.1516129032258,6,17.0564516129032,21.2258064516129
47.4814,7.730519,2008,"2008-03-29",89,"3","liestal",6,"Summer",24.08,32.3,13.6833333333333,7.4,18.8816666666667,18.2
47.4814,7.730519,2008,"2008-03-29",89,"3","liestal",7,"Summer",26.3064516129032,34.3,14.5032258064516,9.9,20.4048387096774,31.7741935483871
47.4814,7.730519,2008,"2008-03-29",89,"3","liestal",8,"Summer",25.0709677419355,31,14,10.3,19.5354838709677,30.258064516129
47.4814,7.730519,2008,"2008-03-29",89,"3","liestal",9,"Fall",18.99,28,9.79666666666667,3,14.3933333333333,32.6666666666667
47.4814,7.730519,2008,"2008-03-29",89,"3","liestal",10,"Fall",15.6258064516129,23.1,7.11935483870968,0.3,11.3725806451613,40.5806451612903
47.4814,7.730519,2008,"2008-03-29",89,"3","liestal",11,"Fall",8.90333333333333,16.6,2.68,-4,5.79166666666667,11.5666666666667
47.4814,7.730519,2009,"2009-04-10",100,"5","liestal",0,"Winter",3.73548387096774,9.8,-0.516129032258065,-4.7,1.60967741935484,27.5161290322581
47.4814,7.730519,2009,"2009-04-10",100,"5","liestal",1,"Winter",2.36129032258065,12.7,-2.87096774193548,-9.3,-0.254838709677419,7.03225806451613
47.4814,7.730519,2009,"2009-04-10",100,"5","liestal",2,"Winter",5.83571428571429,14.1,-1.64285714285714,-9.6,2.09642857142857,20.4642857142857
47.4814,7.730519,2009,"2009-04-10",100,"5","liestal",3,"Spring",10.3064516129032,16,1.50645161290323,-3.9,5.90645161290323,27
47.4814,7.730519,2009,"2009-04-10",100,"5","liestal",4,"Spring",19.52,24.4,7.19666666666667,3.7,13.3583333333333,3.83333333333333
47.4814,7.730519,2009,"2009-04-10",100,"5","liestal",5,"Spring",23.2,33.6,10.9193548387097,2.4,17.0596774193548,30.4516129032258
47.4814,7.730519,2009,"2009-04-10",100,"5","liestal",6,"Summer",23.7966666666667,30.1,12.37,7.6,18.0833333333333,34.3666666666667
47.4814,7.730519,2009,"2009-04-10",100,"5","liestal",7,"Summer",26.141935483871,33,14.7967741935484,10.4,20.4693548387097,39.8064516129032
47.4814,7.730519,2009,"2009-04-10",100,"5","liestal",8,"Summer",27.758064516129,34.9,15.5,7.6,21.6290322580645,24.9354838709677
47.4814,7.730519,2009,"2009-04-10",100,"5","liestal",9,"Fall",22.47,32.1,11.98,6.9,17.225,17.4666666666667
47.4814,7.730519,2009,"2009-04-10",100,"5","liestal",10,"Fall",15.2774193548387,28.2,6.61612903225806,-0.4,10.9467741935484,17.7096774193548
47.4814,7.730519,2009,"2009-04-10",100,"5","liestal",11,"Fall",11.5466666666667,15.6,4.48,1.2,8.01333333333333,34.3
47.4814,7.730519,2010,"2010-04-08",98,"5","liestal",0,"Winter",5.13870967741935,14.8,-0.267741935483871,-15.3,2.43548387096774,44.3548387096774
47.4814,7.730519,2010,"2010-04-08",98,"5","liestal",1,"Winter",1.62258064516129,8.3,-2.66129032258065,-8.1,-0.519354838709677,18.0322580645161
47.4814,7.730519,2010,"2010-04-08",98,"5","liestal",2,"Winter",5.90714285714286,15.9,-0.775,-9.7,2.56607142857143,22.25
47.4814,7.730519,2010,"2010-04-08",98,"5","liestal",3,"Spring",11.1354838709677,21.5,1.73225806451613,-5.4,6.43387096774194,20.0645161290323
47.4814,7.730519,2010,"2010-04-08",98,"5","liestal",4,"Spring",18.05,28.4,5.02666666666667,0.8,11.5383333333333,7.73333333333333
47.4814,7.730519,2010,"2010-04-08",98,"5","liestal",5,"Spring",17.6774193548387,29.7,8.78064516129032,5.3,13.2290322580645,48.1612903225806
47.4814,7.730519,2010,"2010-04-08",98,"5","liestal",6,"Summer",24.41,32.8,13.08,7.4,18.745,18.5
47.4814,7.730519,2010,"2010-04-08",98,"5","liestal",7,"Summer",28.8709677419355,36.4,16.0870967741935,10.6,22.4790322580645,21.6451612903226
47.4814,7.730519,2010,"2010-04-08",98,"5","liestal",8,"Summer",23.958064516129,31.7,13.6354838709677,9,18.7967741935484,57.1935483870968
47.4814,7.730519,2010,"2010-04-08",98,"5","liestal",9,"Fall",20.4233333333333,25.3,9.26333333333333,4,14.8433333333333,18.2
47.4814,7.730519,2010,"2010-04-08",98,"5","liestal",10,"Fall",14.6677419354839,24.3,6.29677419354839,-0.6,10.4822580645161,16.1935483870968
47.4814,7.730519,2010,"2010-04-08",98,"5","liestal",11,"Fall",9.6,19.6,3.7,-6.5,6.65,26.4333333333333
47.4814,7.730519,2011,"2011-03-31",90,"3","liestal",0,"Winter",2.72903225806452,13.8,-2.21612903225806,-11.1,0.256451612903226,46.7741935483871
47.4814,7.730519,2011,"2011-03-31",90,"3","liestal",1,"Winter",5.21290322580645,13,-0.219354838709677,-6.3,2.49677419354839,25.3548387096774
47.4814,7.730519,2011,"2011-03-31",90,"3","liestal",2,"Winter",8.225,16.1,0.507142857142857,-5.9,4.36607142857143,9.14285714285715
47.4814,7.730519,2011,"2011-03-31",90,"3","liestal",3,"Spring",13.7451612903226,22,2.24838709677419,-3.2,7.99677419354839,13.6451612903226
47.4814,7.730519,2011,"2011-03-31",90,"3","liestal",4,"Spring",21.69,27.7,6.16666666666667,0.7,13.9283333333333,8
47.4814,7.730519,2011,"2011-03-31",90,"3","liestal",5,"Spring",24.7645161290323,32.3,9.68709677419355,2.5,17.2258064516129,12.6451612903226
47.4814,7.730519,2011,"2011-03-31",90,"3","liestal",6,"Summer",24.76,35.2,12.9033333333333,7.5,18.8316666666667,36.7333333333333
47.4814,7.730519,2011,"2011-03-31",90,"3","liestal",7,"Summer",24.4161290322581,33.8,12.4870967741935,8.1,18.4516129032258,44.3548387096774
47.4814,7.730519,2011,"2011-03-31",90,"3","liestal",8,"Summer",27.7354838709677,36.7,14.8935483870968,9.2,21.3145161290323,14.741935483871
47.4814,7.730519,2011,"2011-03-31",90,"3","liestal",9,"Fall",24.7066666666667,33,12.5,7.2,18.6033333333333,23.9666666666667
47.4814,7.730519,2011,"2011-03-31",90,"3","liestal",10,"Fall",16.4935483870968,26.3,7.35483870967742,0.5,11.9241935483871,20.8387096774194
47.4814,7.730519,2011,"2011-03-31",90,"3","liestal",11,"Fall",9.93666666666667,15.9,4.01333333333333,-0.2,6.975,0.766666666666667
47.4814,7.730519,2012,"2012-04-02",93,"4","liestal",0,"Winter",8.3,14.2,1.98064516129032,-2.6,5.14032258064516,56.6129032258064
47.4814,7.730519,2012,"2012-04-02",93,"4","liestal",1,"Winter",7.01935483870968,13.8,1.33225806451613,-4.9,4.1758064516129,30.2903225806452
47.4814,7.730519,2012,"2012-04-02",93,"4","liestal",2,"Winter",2.96551724137931,17.3,-5.81379310344828,-16.4,-1.42413793103448,9.48275862068966
47.4814,7.730519,2012,"2012-04-02",93,"4","liestal",3,"Spring",16.5709677419355,23,2.28387096774194,-2.2,9.42741935483871,5.32258064516129
47.4814,7.730519,2012,"2012-04-02",93,"4","liestal",4,"Spring",15.2066666666667,30.9,5.58666666666667,-0.1,10.3966666666667,37.7666666666667
47.4814,7.730519,2012,"2012-04-02",93,"4","liestal",5,"Spring",22.4677419354839,32.5,9.81612903225806,2.6,16.141935483871,20.3870967741935
47.4814,7.730519,2012,"2012-04-02",93,"4","liestal",6,"Summer",24.61,34.8,13.8133333333333,9.6,19.2116666666667,51.7666666666667
47.4814,7.730519,2012,"2012-04-02",93,"4","liestal",7,"Summer",25.3096774193548,35.2,14.2903225806452,10,19.8,51.5483870967742
47.4814,7.730519,2012,"2012-04-02",93,"4","liestal",8,"Summer",27.4806451612903,35.1,15.4677419354839,10.6,21.4741935483871,36.3225806451613
47.4814,7.730519,2012,"2012-04-02",93,"4","liestal",9,"Fall",21.3733333333333,30.5,10.7233333333333,4.8,16.0483333333333,26.8
47.4814,7.730519,2012,"2012-04-02",93,"4","liestal",10,"Fall",15.6387096774194,23.5,7.63870967741935,0.4,11.6387096774194,28.0645161290323
47.4814,7.730519,2012,"2012-04-02",93,"4","liestal",11,"Fall",10.3166666666667,20.1,4.67,-2.3,7.49333333333333,53.1333333333333
47.4814,7.730519,2013,"2013-04-17",107,"7","liestal",0,"Winter",6.18709677419355,15.1,0.845161290322581,-6,3.51612903225806,47.5161290322581
47.4814,7.730519,2013,"2013-04-17",107,"7","liestal",1,"Winter",4.45483870967742,16.7,-0.225806451612903,-5.2,2.11451612903226,16.9032258064516
47.4814,7.730519,2013,"2013-04-17",107,"7","liestal",2,"Winter",3.83571428571429,11.7,-2.55,-9.8,0.642857142857143,33.2857142857143
47.4814,7.730519,2013,"2013-04-17",107,"7","liestal",3,"Spring",8.09354838709677,16.2,0.916129032258065,-4.1,4.50483870967742,19.258064516129
47.4814,7.730519,2013,"2013-04-17",107,"7","liestal",4,"Spring",15.6666666666667,26,5.99333333333333,-0.3,10.83,30.6333333333333
47.4814,7.730519,2013,"2013-04-17",107,"7","liestal",5,"Spring",17.4548387096774,25.1,8.41935483870968,4.4,12.9370967741935,39.3225806451613
47.4814,7.730519,2013,"2013-04-17",107,"7","liestal",6,"Summer",24.1766666666667,35,12.56,5.3,18.3683333333333,27.0333333333333
47.4814,7.730519,2013,"2013-04-17",107,"7","liestal",7,"Summer",29.3032258064516,38.6,16.0258064516129,10.3,22.6645161290323,33.9677419354839
47.4814,7.730519,2013,"2013-04-17",107,"7","liestal",8,"Summer",26.641935483871,36.5,14.2709677419355,10.2,20.4564516129032,18.7096774193548
47.4814,7.730519,2013,"2013-04-17",107,"7","liestal",9,"Fall",21.7266666666667,31.8,11.7,7.6,16.7133333333333,37.4333333333333
47.4814,7.730519,2013,"2013-04-17",107,"7","liestal",10,"Fall",17.041935483871,25.5,9.60322580645161,1.7,13.3225806451613,32.6774193548387
47.4814,7.730519,2013,"2013-04-17",107,"7","liestal",11,"Fall",8.25666666666667,18.4,2.83666666666667,-5.1,5.54666666666667,39.5666666666667
47.4814,7.730519,2014,"2014-03-25",84,"2","liestal",0,"Winter",6.7258064516129,15.7,0.351612903225806,-3.2,3.53870967741935,25.9354838709677
47.4814,7.730519,2014,"2014-03-25",84,"2","liestal",1,"Winter",7.5258064516129,13.6,1.74838709677419,-3.3,4.63709677419355,22.7741935483871
47.4814,7.730519,2014,"2014-03-25",84,"2","liestal",2,"Winter",9.9,14.7,1.92142857142857,0.1,5.91071428571429,25.5357142857143
47.4814,7.730519,2014,"2014-03-25",84,"2","liestal",3,"Spring",15.6387096774194,23,2.20645161290323,-1.1,8.92258064516129,5.2258064516129
47.4814,7.730519,2014,"2014-03-25",84,"2","liestal",4,"Spring",18.4033333333333,24.5,7.17,0.5,12.7866666666667,25.9333333333333
47.4814,7.730519,2014,"2014-03-25",84,"2","liestal",5,"Spring",20.2774193548387,28.1,9.03225806451613,2.9,14.6548387096774,26
47.4814,7.730519,2014,"2014-03-25",84,"2","liestal",6,"Summer",26.8233333333333,36.7,13.2433333333333,8.1,20.0333333333333,20.8
47.4814,7.730519,2014,"2014-03-25",84,"2","liestal",7,"Summer",25.2935483870968,34.1,15.1354838709677,10,20.2145161290323,65.2258064516129
47.4814,7.730519,2014,"2014-03-25",84,"2","liestal",8,"Summer",23.4322580645161,29.2,13.4354838709677,8.9,18.4338709677419,41.0322580645161
47.4814,7.730519,2014,"2014-03-25",84,"2","liestal",9,"Fall",23.0733333333333,28.6,12.3466666666667,5.3,17.71,15.9
47.4814,7.730519,2014,"2014-03-25",84,"2","liestal",10,"Fall",18.6451612903226,24.3,10.4483870967742,4,14.5467741935484,30.9354838709677
47.4814,7.730519,2014,"2014-03-25",84,"2","liestal",11,"Fall",11.22,15.4,5.96333333333333,2.6,8.59166666666667,32.1333333333333
47.4814,7.730519,2015,"2015-04-11",101,"6","liestal",0,"Winter",6.81935483870968,13.1,1.54516129032258,-11.9,4.18225806451613,23.8387096774194
47.4814,7.730519,2016,"2016-04-06",97,"5","liestal",7,"Summer",26.7258064516129,34.6,14.0290322580645,7,20.3774193548387,14.9677419354839
47.4814,7.730519,2016,"2016-04-06",97,"5","liestal",8,"Summer",26.8774193548387,34.8,13.5806451612903,8,20.2290322580645,32
47.4814,7.730519,2016,"2016-04-06",97,"5","liestal",9,"Fall",24.2433333333333,30.7,11.53,6.1,17.8866666666667,13.1333333333333
47.4814,7.730519,2016,"2016-04-06",97,"5","liestal",10,"Fall",14.1774193548387,18.7,5.48064516129032,1.5,9.82903225806452,18.6774193548387
47.4814,7.730519,2016,"2016-04-06",97,"5","liestal",11,"Fall",9.37666666666667,16.5,2.57333333333333,-3.3,5.975,21.1666666666667
47.4814,7.730519,2017,"2017-03-26",85,"2","liestal",0,"Winter",5.16129032258065,10.6,-1.75483870967742,-5.6,1.70322580645161,1.2258064516129
47.4814,7.730519,2017,"2017-03-26",85,"2","liestal",1,"Winter",0.9,9.5,-4.57741935483871,-11.9,-1.83870967741935,24.9677419354839
47.4814,7.730519,2017,"2017-03-26",85,"2","liestal",2,"Winter",9.97142857142857,20.3,1.29642857142857,-1.7,5.63392857142857,20.0714285714286
47.4814,7.730519,2017,"2017-03-26",85,"2","liestal",3,"Spring",15.5032258064516,22.7,3.56451612903226,-1,9.53387096774193,23.3225806451613
47.4814,7.730519,2017,"2017-03-26",85,"2","liestal",4,"Spring",16,24.7,2.94666666666667,-3.3,9.47333333333333,18.6333333333333
47.4814,7.730519,2017,"2017-03-26",85,"2","liestal",5,"Spring",22.0709677419355,32.2,9.35161290322581,1.6,15.7112903225806,45.2903225806452
47.4814,7.730519,2017,"2017-03-26",85,"2","liestal",6,"Summer",27.1533333333333,35.2,14,6.6,20.5766666666667,16.6666666666667
47.4814,7.730519,2017,"2017-03-26",85,"2","liestal",7,"Summer",27.1548387096774,35,14.8806451612903,10.8,21.0177419354839,34.8064516129032
47.4814,7.730519,2017,"2017-03-26",85,"2","liestal",8,"Summer",26.7709677419355,32,14.5935483870968,9.9,20.6822580645161,32.1935483870968
47.4814,7.730519,2017,"2017-03-26",85,"2","liestal",9,"Fall",20.0066666666667,26.8,8.95666666666667,4.2,14.4816666666667,15.7
47.4814,7.730519,2017,"2017-03-26",85,"2","liestal",10,"Fall",17.9677419354839,25.3,6.3,-1.3,12.1338709677419,16.3225806451613
47.4814,7.730519,2017,"2017-03-26",85,"2","liestal",11,"Fall",9.38666666666667,18,2.1,-3.3,5.74333333333333,52.1
47.4814,7.730519,2018,"2018-04-08",98,"5","liestal",0,"Winter",6.08387096774194,16.1,0.348387096774193,-5.1,3.21612903225806,27.9032258064516
47.4814,7.730519,2018,"2018-04-08",98,"5","liestal",1,"Winter",9.54193548387097,16.2,3.16774193548387,-2.2,6.35483870967742,39.5806451612903
47.4814,7.730519,2018,"2018-04-08",98,"5","liestal",2,"Winter",3.01785714285714,7.9,-1.825,-11.6,0.596428571428571,14.4285714285714
47.4814,7.730519,2018,"2018-04-08",98,"5","liestal",3,"Spring",9.69677419354839,15.5,0.793548387096774,-5.9,5.24516129032258,16.4193548387097
47.4814,7.730519,2018,"2018-04-08",98,"5","liestal",4,"Spring",21.45,28.9,6.39333333333333,-0.5,13.9216666666667,6.4
47.4814,7.730519,2018,"2018-04-08",98,"5","liestal",5,"Spring",22.341935483871,29.2,10.8548387096774,6.4,16.5983870967742,45.1612903225806
47.4814,7.730519,2018,"2018-04-08",98,"5","liestal",6,"Summer",25.6333333333333,32.2,13.4666666666667,6.4,19.55,16.1
47.4814,7.730519,2018,"2018-04-08",98,"5","liestal",7,"Summer",29.3483870967742,35.9,14.7193548387097,8.9,22.0338709677419,21.2258064516129
47.4814,7.730519,2018,"2018-04-08",98,"5","liestal",8,"Summer",28.958064516129,35.8,14.9806451612903,8.4,21.9693548387097,29.7741935483871
47.4814,7.730519,2018,"2018-04-08",98,"5","liestal",9,"Fall",24.7333333333333,31.2,10.2233333333333,2.4,17.4783333333333,12.1
47.4814,7.730519,2018,"2018-04-08",98,"5","liestal",10,"Fall",18.3612903225806,25.4,5.83548387096774,0.2,12.0983870967742,13.3548387096774
47.4814,7.730519,2018,"2018-04-08",98,"5","liestal",11,"Fall",9.66333333333333,16.9,3.28333333333333,-3,6.47333333333333,9.4
47.4814,7.730519,2019,"2019-03-27",86,"2","liestal",0,"Winter",7.81935483870968,16.3,2.64838709677419,-5,5.23387096774194,37.4838709677419
47.4814,7.730519,2019,"2019-03-27",86,"2","liestal",1,"Winter",4.36774193548387,11,-1.19354838709677,-5.7,1.58709677419355,16.1290322580645
47.4814,7.730519,2019,"2019-03-27",86,"2","liestal",2,"Winter",11.5321428571429,20.1,-0.617857142857143,-4.7,5.45714285714286,7.25
47.4814,7.730519,2019,"2019-03-27",86,"2","liestal",3,"Spring",14.2225806451613,20.8,2.07096774193548,-3.1,8.14677419354839,15.2903225806452
47.4814,7.730519,2019,"2019-03-27",86,"2","liestal",4,"Spring",16.1966666666667,26.5,4.13333333333333,-0.5,10.165,22.5666666666667
47.4814,7.730519,2019,"2019-03-27",86,"2","liestal",5,"Spring",17.8258064516129,24.8,6.19032258064516,-1.1,12.008064516129,24.1935483870968
47.4814,7.730519,2019,"2019-03-27",86,"2","liestal",6,"Summer",27.08,37.2,13.3866666666667,7,20.2333333333333,25.0666666666667
47.4814,7.730519,2019,"2019-03-27",86,"2","liestal",7,"Summer",28.6903225806452,37.9,14.6709677419355,9.3,21.6806451612903,24
47.4814,7.730519,2019,"2019-03-27",86,"2","liestal",8,"Summer",26.9161290322581,35.1,13.8612903225806,8.8,20.3887096774194,35.8709677419355
47.4814,7.730519,2019,"2019-03-27",86,"2","liestal",9,"Fall",22.7133333333333,30.4,9.85666666666667,3.9,16.285,18
47.4814,7.730519,2019,"2019-03-27",86,"2","liestal",10,"Fall",17.2129032258064,24.2,8.46774193548387,4.8,12.8403225806452,40.0322580645161
47.4814,7.730519,2019,"2019-03-27",86,"2","liestal",11,"Fall",9.68333333333333,18.1,3.25333333333333,-1.2,6.46833333333333,23.2333333333333
47.4814,7.730519,2020,"2020-03-17",77,"0","liestal",0,"Winter",7.95483870967742,16.3,1.21290322580645,-4.7,4.58387096774194,26.0322580645161
47.4814,7.730519,2020,"2020-03-17",77,"0","liestal",1,"Winter",7.32258064516129,15.2,-0.190322580645161,-4.2,3.56612903225806,7.87096774193548
47.4814,7.730519,2020,"2020-03-17",77,"0","liestal",2,"Winter",12.8034482758621,18.8,2.41724137931034,-3,7.61034482758621,29.1034482758621
47.4814,7.730519,2020,"2020-03-17",77,"0","liestal",3,"Spring",12.8516129032258,21.2,1.46774193548387,-4.3,7.15967741935484,25.0645161290323
47.4814,7.730519,2020,"2020-03-17",77,"0","liestal",4,"Spring",21.17,25.7,4.81333333333333,-3.8,12.9916666666667,9.9
47.4814,7.730519,2020,"2020-03-17",77,"0","liestal",5,"Spring",21.1096774193548,28.9,7.45806451612903,2.5,14.2838709677419,22.9032258064516
47.4814,7.730519,2020,"2020-03-17",77,"0","liestal",6,"Summer",24.1,30.6,11.8766666666667,6.9,17.9883333333333,32.4
47.4814,7.730519,2020,"2020-03-17",77,"0","liestal",7,"Summer",28.3870967741935,38.5,13.1032258064516,7.7,20.7451612903226,3.51612903225806
47.4814,7.730519,2020,"2020-03-17",77,"0","liestal",8,"Summer",27.6193548387097,35.4,14.8193548387097,10,21.2193548387097,42.1290322580645
47.4814,7.730519,2020,"2020-03-17",77,"0","liestal",9,"Fall",23.6966666666667,32,11.3333333333333,5.7,17.515,20.8666666666667
47.4814,7.730519,2020,"2020-03-17",77,"0","liestal",10,"Fall",14.8193548387097,19.5,7.23870967741936,2.9,11.0290322580645,34.258064516129
47.4814,7.730519,2020,"2020-03-17",77,"0","liestal",11,"Fall",10.8466666666667,21.6,3.78666666666667,-3.3,7.31666666666667,9.53333333333333
47.4814,7.730519,2021,"2021-03-28",87,"2","liestal",0,"Winter",6.61935483870968,16.4,1.33548387096774,-4.7,3.97741935483871,29.1612903225806
47.4814,7.730519,2021,"2021-03-28",87,"2","liestal",1,"Winter",4.75161290322581,13.6,-0.932258064516129,-6.5,1.90967741935484,56.1935483870968
47.4814,7.730519,2021,"2021-03-28",87,"2","liestal",2,"Winter",10.1642857142857,21.4,0.914285714285714,-9.7,5.53928571428571,16.2142857142857
47.4814,7.730519,2021,"2021-03-28",87,"2","liestal",3,"Spring",12.4516129032258,25.6,0.780645161290323,-3.6,6.61612903225806,22.7096774193548
47.4814,7.730519,2021,"2021-03-28",87,"2","liestal",4,"Spring",15.06,25.6,1.11,-2.9,8.085,9.4
47.4814,7.730519,2021,"2021-03-28",87,"2","liestal",5,"Spring",17.2258064516129,28.1,6.73548387096774,2.3,11.9806451612903,54.8387096774194
47.4814,7.730519,2021,"2021-03-28",87,"2","liestal",6,"Summer",26.22,32.5,13.97,7.1,20.095,51.2333333333333
47.4814,7.730519,2021,"2021-03-28",87,"2","liestal",7,"Summer",24.5612903225806,30.1,14.1,10.7,19.3306451612903,86.7096774193548
47.4814,7.730519,2021,"2021-03-28",87,"2","liestal",8,"Summer",23.5,32.3,13.0451612903226,8.2,18.2725806451613,14.258064516129
47.4814,7.730519,2021,"2021-03-28",87,"2","liestal",9,"Fall",23.4933333333333,28.2,11.0133333333333,5.1,17.2533333333333,15.2666666666667
47.4814,7.730519,2021,"2021-03-28",87,"2","liestal",10,"Fall",16.3774193548387,23.3,5.44838709677419,0,10.9129032258065,15.1612903225806
47.4814,7.730519,2021,"2021-03-28",87,"2","liestal",11,"Fall",7.70333333333333,13,2.24,-1.8,4.97166666666667,15.8
47.4814,7.730519,2022,"2022-03-26",85,"2","liestal",0,"Winter",6.76451612903226,15.9,0.935483870967742,-4.8,3.85,35.1290322580645
