lat,long,year,bloom_date,bloom_doy,cat_bloom_doy,cat_bloom_doy_1_year,cat_bloom_doy_2_years,location,month,season,tmax_avg,tmax_max,tmin_avg,tmin_min,gdd_avg,prcp_avg
47.4814,7.730519,1960,1960-04-03,94,4,,,liestal,0,Winter,6.309677419,14.3,1.841935484,-3.2,4.075806452,24.80645161
47.4814,7.730519,1960,1960-04-03,94,4,,,liestal,1,Winter,3.309677419,10.1,-2.412903226,-16.6,0.4483870968,22.67741935
47.4814,7.730519,1960,1960-04-03,94,4,,,liestal,2,Winter,6.851724138,15.6,0.09655172414,-9.2,3.474137931,20.55172414
47.4814,7.730519,1960,1960-04-03,94,4,,,liestal,3,Spring,12.00322581,20.7,3.429032258,-0.1,7.716129032,17.35483871
47.4814,7.730519,1960,1960-04-03,94,4,,,liestal,4,Spring,15.55333333,23.4,4.396666667,-1.4,9.975,12.13333333
47.4814,7.730519,1960,1960-04-03,94,4,,,liestal,5,Spring,21.43548387,28.4,9,0.2,15.21774194,22.19354839
47.4814,7.730519,1960,1960-04-03,94,4,,,liestal,6,Summer,24.16666667,31,13.05,5,18.60833333,22.93333333
47.4814,7.730519,1960,1960-04-03,94,4,,,liestal,7,Summer,21.93870968,28.3,12.10967742,6,17.02419355,32.83870968
47.4814,7.730519,1960,1960-04-03,94,4,,,liestal,8,Summer,23.35806452,31.5,13.87419355,9.4,18.61612903,53.16129032
47.4814,7.730519,1960,1960-04-03,94,4,,,liestal,9,Fall,18.51,26.2,9.903333333,5.6,14.20666667,45.73333333
47.4814,7.730519,1960,1960-04-03,94,4,,,liestal,10,Fall,14.17096774,21.6,7.087096774,0.2,10.62903226,28.74193548
47.4814,7.730519,1960,1960-04-03,94,4,,,liestal,11,Fall,10.95,19.2,4.58,-1,7.765,24.1
47.4814,7.730519,1961,1961-03-20,79,0,4,,liestal,0,Winter,4.061290323,15.3,-0.3612903226,-5,1.85,15.5483871
47.4814,7.730519,1961,1961-03-20,79,0,4,,liestal,1,Winter,3.44516129,13.5,-0.7935483871,-4.2,1.325806452,23.06451613
47.4814,7.730519,1961,1961-03-20,79,0,4,,liestal,2,Winter,11.17857143,19.2,2.639285714,-0.9,6.908928571,19.21428571
47.4814,7.730519,1961,1961-03-20,79,0,4,,liestal,3,Spring,14.96451613,21.6,1.867741935,-5,8.416129032,14.5483871
47.4814,7.730519,1961,1961-03-20,79,0,4,,liestal,4,Spring,18.07,25.3,8.546666667,4.8,13.30833333,32.5
47.4814,7.730519,1961,1961-03-20,79,0,4,,liestal,5,Spring,17.86451613,27.1,8.387096774,3.5,13.12580645,23.41935484
47.4814,7.730519,1961,1961-03-20,79,0,4,,liestal,6,Summer,23.56666667,32.2,12.81,8.5,18.18833333,27.36666667
47.4814,7.730519,1961,1961-03-20,79,0,4,,liestal,7,Summer,24.36129032,33.6,12.10967742,7.5,18.23548387,37.64516129
47.4814,7.730519,1961,1961-03-20,79,0,4,,liestal,8,Summer,24.32258065,32.7,12.83870968,8,18.58064516,41.80645161
47.4814,7.730519,1961,1961-03-20,79,0,4,,liestal,9,Fall,26.08,32,13.94333333,7.2,20.01166667,15.16666667
47.4814,7.730519,1961,1961-03-20,79,0,4,,liestal,10,Fall,16.57741935,24.4,8.616129032,1.2,12.59677419,25.74193548
47.4814,7.730519,1961,1961-03-20,79,0,4,,liestal,11,Fall,7.806666667,13,2.353333333,-2.9,5.08,15.93333333
47.4814,7.730519,1962,1962-04-25,115,9,0,4,liestal,0,Winter,5.329032258,18.4,-0.3548387097,-10.6,2.487096774,36.93548387
47.4814,7.730519,1962,1962-04-25,115,9,0,4,liestal,1,Winter,5.664516129,12.3,0.8064516129,-6,3.235483871,37.83870968
47.4814,7.730519,1962,1962-04-25,115,9,0,4,liestal,2,Winter,5.135714286,10.4,-1.453571429,-9.5,1.841071429,31.21428571
47.4814,7.730519,1962,1962-04-25,115,9,0,4,liestal,3,Spring,7.193548387,16.7,-0.9935483871,-8,3.1,33
47.4814,7.730519,1962,1962-04-25,115,9,0,4,liestal,4,Spring,15.98,27.5,4.963333333,0.3,10.47166667,11.76666667
47.4814,7.730519,1962,1962-04-25,115,9,0,4,liestal,5,Spring,17.19354839,27.9,7.312903226,-2,12.25322581,29.4516129
47.4814,7.730519,1962,1962-04-25,115,9,0,4,liestal,6,Summer,23.20666667,32,10.19333333,2,16.7,9.766666667
47.4814,7.730519,1962,1962-04-25,115,9,0,4,liestal,7,Summer,24,34.5,12.38709677,6.3,18.19354839,19.70967742
47.4814,7.730519,1962,1962-04-25,115,9,0,4,liestal,8,Summer,26.87741935,34.5,13.2516129,9,20.06451613,18.06451613
47.4814,7.730519,1962,1962-04-25,115,9,0,4,liestal,9,Fall,21.07,33.6,10.57,4.1,15.82,15.73333333
47.4814,7.730519,1962,1962-04-25,115,9,0,4,liestal,10,Fall,15.79032258,24.9,6.593548387,1.2,11.19193548,2.451612903
47.4814,7.730519,1962,1962-04-25,115,9,0,4,liestal,11,Fall,5.693333333,16,0.01333333333,-6.6,2.853333333,11.4
47.4814,7.730519,1963,1963-04-24,114,9,9,0,liestal,0,Winter,0.7161290323,11,-4.406451613,-13.6,-1.84516129,31.70967742
47.4814,7.730519,1963,1963-04-24,114,9,9,0,liestal,1,Winter,-1.94516129,7,-7.780645161,-18.1,-4.862903226,12.09677419
47.4814,7.730519,1963,1963-04-24,114,9,9,0,liestal,2,Winter,0.1107142857,6.5,-6.257142857,-17.3,-3.073214286,17.42857143
47.4814,7.730519,1963,1963-04-24,114,9,9,0,liestal,3,Spring,9.429032258,14.9,1.012903226,-8.6,5.220967742,20.93548387
47.4814,7.730519,1963,1963-04-24,114,9,9,0,liestal,4,Spring,15.78333333,23,6.003333333,-0.2,10.89333333,14.2
47.4814,7.730519,1963,1963-04-24,114,9,9,0,liestal,5,Spring,18.36774194,25.5,7.925806452,1.6,13.14677419,11.35483871
47.4814,7.730519,1963,1963-04-24,114,9,9,0,liestal,6,Summer,22.26333333,30,11.99666667,8.2,17.13,53.93333333
47.4814,7.730519,1963,1963-04-24,114,9,9,0,liestal,7,Summer,25.96774194,32,13.77419355,9.4,19.87096774,17.38709677
47.4814,7.730519,1963,1963-04-24,114,9,9,0,liestal,8,Summer,22.1,31.4,13.05806452,7.6,17.57903226,41.03225806
47.4814,7.730519,1963,1963-04-24,114,9,9,0,liestal,9,Fall,20.83333333,27.1,11.69,5,16.26166667,17.2
47.4814,7.730519,1963,1963-04-24,114,9,9,0,liestal,10,Fall,14.75806452,21.6,6.587096774,-1.2,10.67258065,14.96774194
47.4814,7.730519,1963,1963-04-24,114,9,9,0,liestal,11,Fall,12.41666667,17.2,5.19,0.6,8.803333333,48.16666667
47.4814,7.730519,1964,1964-04-16,107,7,9,9,liestal,0,Winter,0.2451612903,8.7,-3.532258065,-12.5,-1.643548387,1.677419355
47.4814,7.730519,1964,1964-04-16,107,7,9,9,liestal,1,Winter,0.9032258065,5,-3.306451613,-7.8,-1.201612903,3.258064516
47.4814,7.730519,1964,1964-04-16,107,7,9,9,liestal,2,Winter,7.655172414,17.6,0.1793103448,-7,3.917241379,15.44827586
47.4814,7.730519,1964,1964-04-16,107,7,9,9,liestal,3,Spring,7.380645161,14.5,1.316129032,-4.5,4.348387097,31.80645161
47.4814,7.730519,1964,1964-04-16,107,7,9,9,liestal,4,Spring,16.52333333,25,5.823333333,1,11.17333333,18
47.4814,7.730519,1964,1964-04-16,107,7,9,9,liestal,5,Spring,21.68064516,29,9.174193548,5.3,15.42741935,44.35483871
47.4814,7.730519,1964,1964-04-16,107,7,9,9,liestal,6,Summer,24.82333333,32,12.37666667,7.9,18.6,29.7
47.4814,7.730519,1964,1964-04-16,107,7,9,9,liestal,7,Summer,28.4483871,35.7,13.61935484,7.5,21.03387097,21.4516129
47.4814,7.730519,1964,1964-04-16,107,7,9,9,liestal,8,Summer,24.5516129,33.5,12.6,6.5,18.57580645,29.51612903
47.4814,7.730519,1964,1964-04-16,107,7,9,9,liestal,9,Fall,21.75666667,28.5,10.98333333,4.5,16.37,24.56666667
47.4814,7.730519,1964,1964-04-16,107,7,9,9,liestal,10,Fall,12.82903226,22.4,6.374193548,-1,9.601612903,31.67741935
47.4814,7.730519,1964,1964-04-16,107,7,9,9,liestal,11,Fall,9.07,16,4.226666667,-1.5,6.648333333,23.5
47.4814,7.730519,1965,1965-04-12,102,6,7,9,liestal,0,Winter,2.683870968,7.1,-1.377419355,-13,0.6532258065,8.741935484
47.4814,7.730519,1965,1965-04-12,102,6,7,9,liestal,1,Winter,4.674193548,13,-0.2870967742,-8.5,2.193548387,28.51612903
47.4814,7.730519,1965,1965-04-12,102,6,7,9,liestal,2,Winter,2.346428571,6,-4.128571429,-9.5,-0.8910714286,11.42857143
47.4814,7.730519,1965,1965-04-12,102,6,7,9,liestal,3,Spring,10.0516129,20.2,1.64516129,-11.2,5.848387097,33.90322581
47.4814,7.730519,1965,1965-04-12,102,6,7,9,liestal,4,Spring,12.97333333,21.8,3.68,1,8.326666667,34.26666667
47.4814,7.730519,1965,1965-04-12,102,6,7,9,liestal,5,Spring,18.08709677,29.2,8.248387097,3,13.16774194,45.41935484
47.4814,7.730519,1965,1965-04-12,102,6,7,9,liestal,6,Summer,23.01,32.2,12.73333333,4.5,17.87166667,31.36666667
47.4814,7.730519,1965,1965-04-12,102,6,7,9,liestal,7,Summer,22.58387097,31.2,13.19354839,9.4,17.88870968,39.61290323
47.4814,7.730519,1965,1965-04-12,102,6,7,9,liestal,8,Summer,23,30.5,12.83225806,9,17.91612903,32.19354839
47.4814,7.730519,1965,1965-04-12,102,6,7,9,liestal,9,Fall,18.27333333,25,9.783333333,5.5,14.02833333,42.8
47.4814,7.730519,1965,1965-04-12,102,6,7,9,liestal,10,Fall,13.97096774,20.4,7.080645161,2.8,10.52580645,5.193548387
47.4814,7.730519,1965,1965-04-12,102,6,7,9,liestal,11,Fall,7.916666667,18.2,2.123333333,-7.1,5.02,43.56666667
47.4814,7.730519,1966,1966-04-08,98,5,6,7,liestal,0,Winter,7.106451613,14.6,1.703225806,-2.5,4.40483871,53.74193548
47.4814,7.730519,1966,1966-04-08,98,5,6,7,liestal,1,Winter,1.938709677,13.4,-4.361290323,-18,-1.211290323,17.51612903
47.4814,7.730519,1966,1966-04-08,98,5,6,7,liestal,2,Winter,10.47857143,15.6,3.557142857,0.2,7.017857143,30.14285714
47.4814,7.730519,1966,1966-04-08,98,5,6,7,liestal,3,Spring,10.02258065,15.5,1.161290323,-2.8,5.591935484,29.35483871
47.4814,7.730519,1966,1966-04-08,98,5,6,7,liestal,4,Spring,16.56333333,23,6.843333333,-2,11.70333333,31.9
47.4814,7.730519,1966,1966-04-08,98,5,6,7,liestal,5,Spring,20.5,28.3,8.938709677,2.3,14.71935484,34.77419355
47.4814,7.730519,1966,1966-04-08,98,5,6,7,liestal,6,Summer,24.19333333,32,12.82,6.2,18.50666667,28.76666667
47.4814,7.730519,1966,1966-04-08,98,5,6,7,liestal,7,Summer,22.51612903,30.6,12.61935484,9,17.56774194,37.48387097
47.4814,7.730519,1966,1966-04-08,98,5,6,7,liestal,8,Summer,21.87741935,33.1,12.9,6,17.38870968,55.74193548
47.4814,7.730519,1966,1966-04-08,98,5,6,7,liestal,9,Fall,21.81333333,30.1,11.79,7.5,16.80166667,16.5
47.4814,7.730519,1966,1966-04-08,98,5,6,7,liestal,10,Fall,17.51612903,26.7,10.38709677,0,13.9516129,19.87096774
47.4814,7.730519,1966,1966-04-08,98,5,6,7,liestal,11,Fall,6.126666667,16,0.7533333333,-3.6,3.44,24.86666667
47.4814,7.730519,1967,1967-04-04,94,4,5,6,liestal,0,Winter,6.238709677,15.5,0.9,-4,3.569354839,32.51612903
47.4814,7.730519,1967,1967-04-04,94,4,5,6,liestal,1,Winter,4.096774194,13.2,-0.7774193548,-11.5,1.659677419,12.25806452
47.4814,7.730519,1967,1967-04-04,94,4,5,6,liestal,2,Winter,9.039285714,16.5,0.3107142857,-7,4.675,16.89285714
47.4814,7.730519,1967,1967-04-04,94,4,5,6,liestal,3,Spring,12.17096774,17.4,3.093548387,-3.5,7.632258065,20.70967742
47.4814,7.730519,1967,1967-04-04,94,4,5,6,liestal,4,Spring,14.45,22.5,2.863333333,-1.5,8.656666667,11.53333333
47.4814,7.730519,1967,1967-04-04,94,4,5,6,liestal,5,Spring,19.59354839,30,7.806451613,0.5,13.7,42.74193548
47.4814,7.730519,1967,1967-04-04,94,4,5,6,liestal,6,Summer,21.98666667,32,10.09666667,5.2,16.04166667,27.36666667
47.4814,7.730519,1967,1967-04-04,94,4,5,6,liestal,7,Summer,27.31290323,33,14.6,10.4,20.95645161,15.25806452
47.4814,7.730519,1967,1967-04-04,94,4,5,6,liestal,8,Summer,24.51612903,32,12.77419355,8.7,18.64516129,38.74193548
47.4814,7.730519,1967,1967-04-04,94,4,5,6,liestal,9,Fall,20.16666667,28.1,10.49666667,5.6,15.33166667,40.26666667
47.4814,7.730519,1967,1967-04-04,94,4,5,6,liestal,10,Fall,18.54193548,26.8,8.516129032,0,13.52903226,12.48387097
47.4814,7.730519,1967,1967-04-04,94,4,5,6,liestal,11,Fall,8.47,14,2.326666667,-4.1,5.398333333,28.3
47.4814,7.730519,1968,1968-04-12,103,6,4,5,liestal,0,Winter,2.516129032,13.5,-3.361290323,-13.2,-0.4225806452,27.74193548
47.4814,7.730519,1968,1968-04-12,103,6,4,5,liestal,1,Winter,3.370967742,10.5,-2.432258065,-17,0.4693548387,41.70967742
47.4814,7.730519,1968,1968-04-12,103,6,4,5,liestal,2,Winter,6.306896552,12.3,-0.324137931,-6,2.99137931,28.03448276
47.4814,7.730519,1968,1968-04-12,103,6,4,5,liestal,3,Spring,11.50967742,23.2,0.1709677419,-5.5,5.840322581,18.70967742
47.4814,7.730519,1968,1968-04-12,103,6,4,5,liestal,4,Spring,16.88666667,29.4,3.633333333,-4,10.26,25.66666667
47.4814,7.730519,1968,1968-04-12,103,6,4,5,liestal,5,Spring,18.10322581,24.5,6.651612903,0,12.37741935,32.19354839
47.4814,7.730519,1968,1968-04-12,103,6,4,5,liestal,6,Summer,22.76333333,31,10.84,5.5,16.80166667,13.03333333
47.4814,7.730519,1968,1968-04-12,103,6,4,5,liestal,7,Summer,25.03225806,33.7,12.41612903,6.4,18.72419355,20.58064516
47.4814,7.730519,1968,1968-04-12,103,6,4,5,liestal,8,Summer,21.93548387,27.8,12.13870968,6.8,17.03709677,50.06451613
47.4814,7.730519,1968,1968-04-12,103,6,4,5,liestal,9,Fall,19.59333333,25,9.68,5.2,14.63666667,65.76666667
47.4814,7.730519,1968,1968-04-12,103,6,4,5,liestal,10,Fall,16.56451613,23.2,8.122580645,3.6,12.34354839,12.4516129
47.4814,7.730519,1968,1968-04-12,103,6,4,5,liestal,11,Fall,7.536666667,19.6,2.34,-4.7,4.938333333,13.2
47.4814,7.730519,1969,1969-04-23,113,9,6,4,liestal,0,Winter,2.490322581,10.7,-1.85483871,-10,0.3177419355,18.96774194
47.4814,7.730519,1969,1969-04-23,113,9,6,4,liestal,1,Winter,4.080645161,9.2,-1.306451613,-7,1.387096774,12.70967742
47.4814,7.730519,1969,1969-04-23,113,9,6,4,liestal,2,Winter,3.439285714,11.2,-4.053571429,-11.8,-0.3071428571,35.85714286
47.4814,7.730519,1969,1969-04-23,113,9,6,4,liestal,3,Spring,9.051612903,15.7,0.3741935484,-5.4,4.712903226,21.19354839
47.4814,7.730519,1969,1969-04-23,113,9,6,4,liestal,4,Spring,13.68666667,26.2,2.946666667,-3.4,8.316666667,31.16666667
47.4814,7.730519,1969,1969-04-23,113,9,6,4,liestal,5,Spring,20.93225806,30.6,7.196774194,1.9,14.06451613,23.87096774
47.4814,7.730519,1969,1969-04-23,113,9,6,4,liestal,6,Summer,20.31666667,27.4,9.333333333,5.2,14.825,55
47.4814,7.730519,1969,1969-04-23,113,9,6,4,liestal,7,Summer,25.96129032,33,13.96774194,8.2,19.96451613,23.51612903
47.4814,7.730519,1969,1969-04-23,113,9,6,4,liestal,8,Summer,23.40645161,31,11.52258065,5.7,17.46451613,46.09677419
47.4814,7.730519,1969,1969-04-23,113,9,6,4,liestal,9,Fall,21.44,27,9.83,5,15.635,10.16666667
47.4814,7.730519,1969,1969-04-23,113,9,6,4,liestal,10,Fall,16.79032258,22.1,6.580645161,-0.5,11.68548387,0.4193548387
47.4814,7.730519,1969,1969-04-23,113,9,6,4,liestal,11,Fall,10.44333333,17.8,1.87,-6.2,6.156666667,30.96666667
47.4814,7.730519,1970,1970-04-24,114,9,9,6,liestal,0,Winter,-0.09032258065,6,-5.058064516,-10.3,-2.574193548,25.67741935
47.4814,7.730519,1970,1970-04-24,114,9,9,6,liestal,1,Winter,2.877419355,9,-1.558064516,-8.2,0.6596774194,20.5483871
47.4814,7.730519,1970,1970-04-24,114,9,9,6,liestal,2,Winter,5.65,13,-0.03928571429,-6.3,2.805357143,66.03571429
47.4814,7.730519,1970,1970-04-24,114,9,9,6,liestal,3,Spring,7.296774194,14.5,-0.1,-5.6,3.598387097,19.25806452
47.4814,7.730519,1970,1970-04-24,114,9,9,6,liestal,4,Spring,12.02666667,25.5,3.596666667,-3.6,7.811666667,54.76666667
47.4814,7.730519,1970,1970-04-24,114,9,9,6,liestal,5,Spring,17.93870968,25,7.719354839,2.8,12.82903226,38.83870968
47.4814,7.730519,1970,1970-04-24,114,9,9,6,liestal,6,Summer,24.52666667,30.5,12.64666667,6.5,18.58666667,29.16666667
47.4814,7.730519,1970,1970-04-24,114,9,9,6,liestal,7,Summer,23.91290323,30,13.18709677,5.5,18.55,36.90322581
47.4814,7.730519,1970,1970-04-24,114,9,9,6,liestal,8,Summer,24.43548387,33,14.46129032,9.2,19.4483871,32.16129032
47.4814,7.730519,1970,1970-04-24,114,9,9,6,liestal,9,Fall,22.14,27,10.72333333,5,16.43166667,14.83333333
47.4814,7.730519,1970,1970-04-24,114,9,9,6,liestal,10,Fall,14.71290323,22,6.887096774,2,10.8,16.77419355
47.4814,7.730519,1970,1970-04-24,114,9,9,6,liestal,11,Fall,10.32666667,22,3.49,0,6.908333333,28.7
47.4814,7.730519,1971,1971-04-17,107,7,9,9,liestal,0,Winter,2.922580645,11.5,-1.538709677,-7.9,0.6919354839,6.870967742
47.4814,7.730519,1971,1971-04-17,107,7,9,9,liestal,1,Winter,2.290322581,12.3,-3.84516129,-14.1,-0.7774193548,9.806451613
47.4814,7.730519,1971,1971-04-17,107,7,9,9,liestal,2,Winter,5.589285714,9.9,-0.75,-6,2.419642857,15.71428571
47.4814,7.730519,1971,1971-04-17,107,7,9,9,liestal,3,Spring,7.138709677,15.2,-1.24516129,-14,2.946774194,15.38709677
47.4814,7.730519,1971,1971-04-17,107,7,9,9,liestal,4,Spring,18.91333333,26,5.033333333,-0.1,11.97333333,6.033333333
47.4814,7.730519,1971,1971-04-17,107,7,9,9,liestal,5,Spring,21.20322581,29.6,10.74516129,6.6,15.97419355,15.58064516
47.4814,7.730519,1971,1971-04-17,107,7,9,9,liestal,6,Summer,20.66,27,11.31,5.7,15.985,56.3
47.4814,7.730519,1971,1971-04-17,107,7,9,9,liestal,7,Summer,27.07419355,34,13.77096774,6.5,20.42258065,18.16129032
47.4814,7.730519,1971,1971-04-17,107,7,9,9,liestal,8,Summer,25.4,33.5,14.8516129,10.5,20.12580645,43.19354839
47.4814,7.730519,1971,1971-04-17,107,7,9,9,liestal,9,Fall,20.92666667,26.2,8.72,0.9,14.82333333,9.566666667
47.4814,7.730519,1971,1971-04-17,107,7,9,9,liestal,10,Fall,16.99354839,24.8,6.406451613,1.5,11.7,8
47.4814,7.730519,1971,1971-04-17,107,7,9,9,liestal,11,Fall,6.89,14.5,1.716666667,-5,4.303333333,30.1
47.4814,7.730519,1972,1972-04-06,97,5,7,9,liestal,0,Winter,4.961290323,13,0.6548387097,-4.5,2.808064516,8.677419355
47.4814,7.730519,1972,1972-04-06,97,5,7,9,liestal,1,Winter,3.248387097,10,-0.6483870968,-6.5,1.3,5.483870968
47.4814,7.730519,1972,1972-04-06,97,5,7,9,liestal,2,Winter,7.272413793,13.2,1.334482759,-6.5,4.303448276,7.034482759
47.4814,7.730519,1972,1972-04-06,97,5,7,9,liestal,3,Spring,13.60967742,21,2.512903226,-1,8.061290323,8.967741935
47.4814,7.730519,1972,1972-04-06,97,5,7,9,liestal,4,Spring,13.14333333,23,5.4,0,9.271666667,34.1
47.4814,7.730519,1972,1972-04-06,97,5,7,9,liestal,5,Spring,17.61290323,24.2,8.725806452,4,13.16935484,16.4516129
47.4814,7.730519,1972,1972-04-06,97,5,7,9,liestal,6,Summer,21.64,30.8,11.09333333,7.2,16.36666667,36.73333333
47.4814,7.730519,1972,1972-04-06,97,5,7,9,liestal,7,Summer,24.00322581,32.1,13.49354839,8.5,18.7483871,33.12903226
47.4814,7.730519,1972,1972-04-06,97,5,7,9,liestal,8,Summer,23.05806452,31.5,12.32903226,6.5,17.69354839,17.64516129
47.4814,7.730519,1972,1972-04-06,97,5,7,9,liestal,9,Fall,18.39,25.2,6.766666667,1.5,12.57833333,5.6
47.4814,7.730519,1972,1972-04-06,97,5,7,9,liestal,10,Fall,13.62258065,19.6,3.690322581,-0.5,8.656451613,16.77419355
47.4814,7.730519,1972,1972-04-06,97,5,7,9,liestal,11,Fall,9.53,16,2.706666667,-3,6.118333333,60.96666667
47.4814,7.730519,1973,1973-04-29,119,10,5,7,liestal,0,Winter,2.967741935,11.5,-1.538709677,-8.5,0.714516129,17.70967742
47.4814,7.730519,1973,1973-04-29,119,10,5,7,liestal,1,Winter,2.122580645,6,-2.377419355,-8,-0.1274193548,17.41935484
47.4814,7.730519,1973,1973-04-29,119,10,5,7,liestal,2,Winter,4.95,11,-1.085714286,-8.5,1.932142857,16.35714286
47.4814,7.730519,1973,1973-04-29,119,10,5,7,liestal,3,Spring,9.890322581,19,0.4225806452,-5.2,5.156451613,7.677419355
47.4814,7.730519,1973,1973-04-29,119,10,5,7,liestal,4,Spring,11.91,23.2,2.353333333,-2.5,7.131666667,28.9
47.4814,7.730519,1973,1973-04-29,119,10,5,7,liestal,5,Spring,20.72580645,27,9.029032258,1.5,14.87741935,26.38709677
47.4814,7.730519,1973,1973-04-29,119,10,5,7,liestal,6,Summer,23.31333333,31.1,12.30333333,9,17.80833333,43.3
47.4814,7.730519,1973,1973-04-29,119,10,5,7,liestal,7,Summer,23.68387097,31.6,13.36774194,8,18.52580645,42.4516129
47.4814,7.730519,1973,1973-04-29,119,10,5,7,liestal,8,Summer,26.08709677,32.8,15.07419355,10.4,20.58064516,19.77419355
47.4814,7.730519,1973,1973-04-29,119,10,5,7,liestal,9,Fall,22.53666667,31,11.41333333,5.1,16.975,13.5
47.4814,7.730519,1973,1973-04-29,119,10,5,7,liestal,10,Fall,12.93225806,21.5,5.993548387,-0.2,9.462903226,32.03225806
47.4814,7.730519,1973,1973-04-29,119,10,5,7,liestal,11,Fall,8.503333333,14.2,1.253333333,-9,4.878333333,23.63333333
47.4814,7.730519,1974,1974-04-02,92,4,10,5,liestal,0,Winter,3.422580645,12.6,-1.64516129,-18,0.8887096774,23.77419355
47.4814,7.730519,1974,1974-04-02,92,4,10,5,liestal,1,Winter,7.148387097,14.6,2.077419355,-2,4.612903226,27.09677419
47.4814,7.730519,1974,1974-04-02,92,4,10,5,liestal,2,Winter,7.867857143,17,2.017857143,-2,4.942857143,19.14285714
47.4814,7.730519,1974,1974-04-02,92,4,10,5,liestal,3,Spring,12.29354839,21.6,4.109677419,-2.9,8.201612903,16.12903226
47.4814,7.730519,1974,1974-04-02,92,4,10,5,liestal,4,Spring,15.86666667,21.2,3.046666667,-3,9.456666667,7
47.4814,7.730519,1974,1974-04-02,92,4,10,5,liestal,5,Spring,18.18709677,25.5,8.064516129,3.4,13.12580645,28.12903226
47.4814,7.730519,1974,1974-04-02,92,4,10,5,liestal,6,Summer,21.21333333,27.6,10.41666667,5.5,15.815,22.16666667
47.4814,7.730519,1974,1974-04-02,92,4,10,5,liestal,7,Summer,24.00322581,32,12.31612903,7.8,18.15967742,20.12903226
47.4814,7.730519,1974,1974-04-02,92,4,10,5,liestal,8,Summer,25.36129032,35.5,14.43225806,10,19.89677419,20.12903226
47.4814,7.730519,1974,1974-04-02,92,4,10,5,liestal,9,Fall,19.91333333,28.5,11.00333333,4.5,15.45833333,30.06666667
47.4814,7.730519,1974,1974-04-02,92,4,10,5,liestal,10,Fall,8.783870968,14.6,3.74516129,0,6.264516129,59.80645161
47.4814,7.730519,1974,1974-04-02,92,4,10,5,liestal,11,Fall,8.45,14.8,2.986666667,-2.7,5.718333333,46.83333333
47.4814,7.730519,1975,1975-04-18,108,7,4,10,liestal,0,Winter,8.096774194,16,2.874193548,-3.3,5.485483871,38.4516129
47.4814,7.730519,1975,1975-04-18,108,7,4,10,liestal,1,Winter,7.296774194,14.2,2.090322581,-0.9,4.693548387,34.74193548
47.4814,7.730519,1975,1975-04-18,108,7,4,10,liestal,2,Winter,7.853571429,14.5,-0.09285714286,-3,3.880357143,4.285714286
47.4814,7.730519,1975,1975-04-18,108,7,4,10,liestal,3,Spring,8.335483871,15.8,1.787096774,-4,5.061290323,16.83870968
47.4814,7.730519,1975,1975-04-18,108,7,4,10,liestal,4,Spring,14.24666667,24.7,4.09,-2.6,9.168333333,28.66666667
47.4814,7.730519,1975,1975-04-18,108,7,4,10,liestal,5,Spring,19.01612903,28,8.206451613,2,13.61129032,27.90322581
47.4814,7.730519,1975,1975-04-18,108,7,4,10,liestal,6,Summer,20.70666667,28.6,10.85666667,2.5,15.78166667,36.33333333
47.4814,7.730519,1975,1975-04-18,108,7,4,10,liestal,7,Summer,25.16451613,33.5,13.4516129,7.2,19.30806452,16.4516129
47.4814,7.730519,1975,1975-04-18,108,7,4,10,liestal,8,Summer,24.75806452,32.5,14.51935484,10.2,19.63870968,56.16129032
47.4814,7.730519,1975,1975-04-18,108,7,4,10,liestal,9,Fall,22.24666667,28.5,13.16,9,17.70333333,29
47.4814,7.730519,1975,1975-04-18,108,7,4,10,liestal,10,Fall,12.5,20.6,5.761290323,0.7,9.130645161,13.67741935
47.4814,7.730519,1975,1975-04-18,108,7,4,10,liestal,11,Fall,8.72,17,2.94,-4.7,5.83,46.43333333
47.4814,7.730519,1976,1976-04-11,102,6,7,4,liestal,0,Winter,2.874193548,8.6,-1.422580645,-11,0.7258064516,5.129032258
47.4814,7.730519,1976,1976-04-11,102,6,7,4,liestal,1,Winter,4.816129032,10.6,-0.6806451613,-13.6,2.067741935,21.03225806
47.4814,7.730519,1976,1976-04-11,102,6,7,4,liestal,2,Winter,6.462068966,17.6,0.1551724138,-5.7,3.30862069,19.13793103
47.4814,7.730519,1976,1976-04-11,102,6,7,4,liestal,3,Spring,10.08064516,20,-0.006451612903,-7.6,5.037096774,6.225806452
47.4814,7.730519,1976,1976-04-11,102,6,7,4,liestal,4,Spring,15.35333333,23.1,2.823333333,-2.6,9.088333333,13.96666667
47.4814,7.730519,1976,1976-04-11,102,6,7,4,liestal,5,Spring,21.29354839,29.5,8.129032258,-2,14.71129032,18.87096774
47.4814,7.730519,1976,1976-04-11,102,6,7,4,liestal,6,Summer,26.60333333,33.5,11.48,5.2,19.04166667,7.633333333
47.4814,7.730519,1976,1976-04-11,102,6,7,4,liestal,7,Summer,26.80322581,34.5,14.86129032,10,20.83225806,20.51612903
47.4814,7.730519,1976,1976-04-11,102,6,7,4,liestal,8,Summer,23.33225806,28,11.73225806,6.4,17.53225806,16.4516129
47.4814,7.730519,1976,1976-04-11,102,6,7,4,liestal,9,Fall,19.2,24.6,10.15,5.5,14.675,34.13333333
47.4814,7.730519,1976,1976-04-11,102,6,7,4,liestal,10,Fall,15.70967742,24,8.422580645,1.8,12.06612903,15.80645161
47.4814,7.730519,1976,1976-04-11,102,6,7,4,liestal,11,Fall,8.26,14.6,3.286666667,-0.8,5.773333333,23.1
47.4814,7.730519,1977,1977-03-21,80,1,6,7,liestal,0,Winter,2.596774194,13,-1.719354839,-9.8,0.4387096774,34.96774194
47.4814,7.730519,1977,1977-03-21,80,1,6,7,liestal,1,Winter,3.467741935,11,-0.5161290323,-6.4,1.475806452,36.25806452
47.4814,7.730519,1977,1977-03-21,80,1,6,7,liestal,2,Winter,9.239285714,15.2,2.967857143,-3,6.103571429,61.96428571
47.4814,7.730519,1977,1977-03-21,80,1,6,7,liestal,3,Spring,13.72903226,23.8,4.487096774,-2.5,9.108064516,19.29032258
47.4814,7.730519,1977,1977-03-21,80,1,6,7,liestal,4,Spring,12.19666667,24,3.28,-2.5,7.738333333,53.2
47.4814,7.730519,1977,1977-03-21,80,1,6,7,liestal,5,Spring,18.64516129,27,7.574193548,0.9,13.10967742,24.32258065
47.4814,7.730519,1977,1977-03-21,80,1,6,7,liestal,6,Summer,22.10666667,31,11.85333333,4.8,16.98,38.3
47.4814,7.730519,1977,1977-03-21,80,1,6,7,liestal,7,Summer,23.99354839,30.5,13.49677419,8.4,18.74516129,35.09677419
47.4814,7.730519,1977,1977-03-21,80,1,6,7,liestal,8,Summer,22.89032258,28.7,12.58387097,8.5,17.73709677,45.70967742
47.4814,7.730519,1977,1977-03-21,80,1,6,7,liestal,9,Fall,19.32,27.2,9.033333333,2,14.17666667,13.43333333
47.4814,7.730519,1977,1977-03-21,80,1,6,7,liestal,10,Fall,16.11612903,23.9,8.583870968,3,12.35,16.80645161
47.4814,7.730519,1977,1977-03-21,80,1,6,7,liestal,11,Fall,9.76,20.2,3.09,-2.4,6.425,32.43333333
47.4814,7.730519,1978,1978-04-18,108,7,1,6,liestal,0,Winter,5.041935484,13.5,0.5612903226,-5.4,2.801612903,23.41935484
47.4814,7.730519,1978,1978-04-18,108,7,1,6,liestal,1,Winter,4.032258065,11.4,-0.2741935484,-6.1,1.879032258,22.48387097
47.4814,7.730519,1978,1978-04-18,108,7,1,6,liestal,2,Winter,3.782142857,14.4,-0.6821428571,-5,1.55,33
47.4814,7.730519,1978,1978-04-18,108,7,1,6,liestal,3,Spring,11.46129032,19.6,2.561290323,-1.2,7.011290323,43.58064516
47.4814,7.730519,1978,1978-04-18,108,7,1,6,liestal,4,Spring,13.64666667,21,3.746666667,-2.7,8.696666667,20.2
47.4814,7.730519,1978,1978-04-18,108,7,1,6,liestal,5,Spring,16.87096774,25,8.232258065,3.4,12.5516129,50.32258065
47.4814,7.730519,1978,1978-04-18,108,7,1,6,liestal,6,Summer,21.86333333,29.7,10.6,6,16.23166667,25.46666667
47.4814,7.730519,1978,1978-04-18,108,7,1,6,liestal,7,Summer,23.48064516,32.5,12.77096774,8.1,18.12580645,31.09677419
47.4814,7.730519,1978,1978-04-18,108,7,1,6,liestal,8,Summer,22.63870968,29.8,11.89354839,6,17.26612903,44.29032258
47.4814,7.730519,1978,1978-04-18,108,7,1,6,liestal,9,Fall,20.53,26.8,9.216666667,3.6,14.87333333,25
47.4814,7.730519,1978,1978-04-18,108,7,1,6,liestal,10,Fall,14.04193548,21.4,6.435483871,2.1,10.23870968,20.77419355
47.4814,7.730519,1978,1978-04-18,108,7,1,6,liestal,11,Fall,7.213333333,13.4,1.51,-6.5,4.361666667,5.6
47.4814,7.730519,1979,1979-04-15,105,7,7,1,liestal,0,Winter,5.64516129,14.2,0.7193548387,-4.7,3.182258065,41.35483871
47.4814,7.730519,1979,1979-04-15,105,7,7,1,liestal,1,Winter,1.206451613,11,-4.367741935,-13.5,-1.580645161,32.77419355
47.4814,7.730519,1979,1979-04-15,105,7,7,1,liestal,2,Winter,5.578571429,11.5,0.225,-6,2.901785714,40.10714286
47.4814,7.730519,1979,1979-04-15,105,7,7,1,liestal,3,Spring,10.48709677,16.7,3.551612903,-2.5,7.019354839,42.32258065
47.4814,7.730519,1979,1979-04-15,105,7,7,1,liestal,4,Spring,12.96,21,3.926666667,-1.5,8.443333333,30.66666667
47.4814,7.730519,1979,1979-04-15,105,7,7,1,liestal,5,Spring,19.78709677,30.7,7.809677419,-1.1,13.7983871,24.16129032
47.4814,7.730519,1979,1979-04-15,105,7,7,1,liestal,6,Summer,23.09666667,28.4,13.13,8,18.11333333,32.26666667
47.4814,7.730519,1979,1979-04-15,105,7,7,1,liestal,7,Summer,24.47741935,31.5,13.13225806,8.4,18.80483871,26.32258065
47.4814,7.730519,1979,1979-04-15,105,7,7,1,liestal,8,Summer,22.47419355,30.7,12.30322581,5.4,17.38870968,45.12903226
47.4814,7.730519,1979,1979-04-15,105,7,7,1,liestal,9,Fall,20.86,28.2,10.94,5.1,15.9,16.63333333
47.4814,7.730519,1979,1979-04-15,105,7,7,1,liestal,10,Fall,15.54516129,23,8.609677419,2.4,12.07741935,17.03225806
47.4814,7.730519,1979,1979-04-15,105,7,7,1,liestal,11,Fall,8.146666667,15.6,2.51,-2.2,5.328333333,39.8
47.4814,7.730519,1980,1980-04-13,104,6,7,7,liestal,0,Winter,8.341935484,15.5,2.04516129,-2,5.193548387,25.06451613
47.4814,7.730519,1980,1980-04-13,104,6,7,7,liestal,1,Winter,2.532258065,10.7,-1.758064516,-6.6,0.3870967742,36
47.4814,7.730519,1980,1980-04-13,104,6,7,7,liestal,2,Winter,8.582758621,13.1,1.593103448,-2,5.087931034,18.55172414
47.4814,7.730519,1980,1980-04-13,104,6,7,7,liestal,3,Spring,10.41935484,15.5,2.529032258,-5.6,6.474193548,30.12903226
47.4814,7.730519,1980,1980-04-13,104,6,7,7,liestal,4,Spring,12.81666667,21.2,3.44,-0.5,8.128333333,13.93333333
47.4814,7.730519,1980,1980-04-13,104,6,7,7,liestal,5,Spring,17.72580645,24.4,7.164516129,3.7,12.44516129,28.22580645
47.4814,7.730519,1980,1980-04-13,104,6,7,7,liestal,6,Summer,20.09333333,29.5,11.45333333,7.5,15.77333333,49.43333333
47.4814,7.730519,1980,1980-04-13,104,6,7,7,liestal,7,Summer,21.41935484,31.5,12.09677419,6.5,16.75806452,52.58064516
47.4814,7.730519,1980,1980-04-13,104,6,7,7,liestal,8,Summer,24.46129032,32.5,14.51935484,5.5,19.49032258,25.61290323
47.4814,7.730519,1980,1980-04-13,104,6,7,7,liestal,9,Fall,22.3,27.5,11.24333333,6.1,16.77166667,9.5
47.4814,7.730519,1980,1980-04-13,104,6,7,7,liestal,10,Fall,13.70322581,20.8,6.048387097,0,9.875806452,36.22580645
47.4814,7.730519,1980,1980-04-13,104,6,7,7,liestal,11,Fall,6.566666667,16,1.096666667,-3.6,3.831666667,17.5
47.4814,7.730519,1981,1981-04-02,92,4,6,7,liestal,0,Winter,3.074193548,10.6,-2.461290323,-12.2,0.3064516129,20.96774194
47.4814,7.730519,1981,1981-04-02,92,4,6,7,liestal,1,Winter,2.341935484,9.7,-3.222580645,-10.7,-0.4403225806,37.03225806
47.4814,7.730519,1981,1981-04-02,92,4,6,7,liestal,2,Winter,3.878571429,8.2,-2.592857143,-8,0.6428571429,22.46428571
47.4814,7.730519,1981,1981-04-02,92,4,6,7,liestal,3,Spring,13.38064516,22.9,4.95483871,-2,9.167741935,46.06451613
47.4814,7.730519,1981,1981-04-02,92,4,6,7,liestal,4,Spring,16.56666667,24,5.47,-1.3,11.01833333,9.4
47.4814,7.730519,1981,1981-04-02,92,4,6,7,liestal,5,Spring,19.14193548,29,8.777419355,4,13.95967742,62
47.4814,7.730519,1981,1981-04-02,92,4,6,7,liestal,6,Summer,22.29666667,31.1,11.86,5.1,17.07833333,22.13333333
47.4814,7.730519,1981,1981-04-02,92,4,6,7,liestal,7,Summer,23.12258065,30.9,12.88064516,5.6,18.0016129,57.70967742
47.4814,7.730519,1981,1981-04-02,92,4,6,7,liestal,8,Summer,25.1516129,32,12.90322581,7.1,19.02741935,15.51612903
47.4814,7.730519,1981,1981-04-02,92,4,6,7,liestal,9,Fall,20.39333333,26.2,11.74,5.4,16.06666667,47
47.4814,7.730519,1981,1981-04-02,92,4,6,7,liestal,10,Fall,14.04193548,23.7,6.809677419,0.5,10.42580645,72.77419355
47.4814,7.730519,1981,1981-04-02,92,4,6,7,liestal,11,Fall,9.643333333,19.2,2.08,-4.9,5.861666667,29.06666667
47.4814,7.730519,1982,1982-04-18,108,7,4,6,liestal,0,Winter,4.896774194,11.8,-0.7129032258,-11.1,2.091935484,60.58064516
47.4814,7.730519,1982,1982-04-18,108,7,4,6,liestal,1,Winter,3.477419355,12.2,-1.377419355,-6.9,1.05,55.64516129
47.4814,7.730519,1982,1982-04-18,108,7,4,6,liestal,2,Winter,5.703571429,12.5,-0.5357142857,-6.5,2.583928571,7.964285714
47.4814,7.730519,1982,1982-04-18,108,7,4,6,liestal,3,Spring,10.45806452,18.5,1.429032258,-1.5,5.943548387,32.93548387
47.4814,7.730519,1982,1982-04-18,108,7,4,6,liestal,4,Spring,14.37333333,21,2.96,-1.6,8.666666667,10.4
47.4814,7.730519,1982,1982-04-18,108,7,4,6,liestal,5,Spring,20.68064516,28,8.15483871,1.4,14.41774194,26.19354839
47.4814,7.730519,1982,1982-04-18,108,7,4,6,liestal,6,Summer,24.12333333,30.5,13.34333333,9.5,18.73333333,42.1
47.4814,7.730519,1982,1982-04-18,108,7,4,6,liestal,7,Summer,26.45483871,33.1,15.35806452,9,20.90645161,42.29032258
47.4814,7.730519,1982,1982-04-18,108,7,4,6,liestal,8,Summer,23.55806452,31.8,14.02903226,7.5,18.79354839,37.03225806
47.4814,7.730519,1982,1982-04-18,108,7,4,6,liestal,9,Fall,23.35333333,30,13.06333333,6.2,18.20833333,23.76666667
47.4814,7.730519,1982,1982-04-18,108,7,4,6,liestal,10,Fall,14.39354839,20.5,8.312903226,4.3,11.35322581,54
47.4814,7.730519,1982,1982-04-18,108,7,4,6,liestal,11,Fall,10.36666667,17.6,4.07,-0.3,7.218333333,22.16666667
47.4814,7.730519,1983,1983-04-11,101,6,7,4,liestal,0,Winter,6.84516129,14.9,1.864516129,-4.6,4.35483871,54.74193548
47.4814,7.730519,1983,1983-04-11,101,6,7,4,liestal,1,Winter,6.658064516,13.5,1.129032258,-3.4,3.893548387,28.32258065
47.4814,7.730519,1983,1983-04-11,101,6,7,4,liestal,2,Winter,4.021428571,15.5,-1.889285714,-7,1.066071429,26.53571429
47.4814,7.730519,1983,1983-04-11,101,6,7,4,liestal,3,Spring,11.32258065,18.8,2.906451613,-1.5,7.114516129,30.41935484
47.4814,7.730519,1983,1983-04-11,101,6,7,4,liestal,4,Spring,15.57666667,23.8,5.92,0.2,10.74833333,43.2
47.4814,7.730519,1983,1983-04-11,101,6,7,4,liestal,5,Spring,16.94193548,26.6,8.161290323,5,12.5516129,58.67741935
47.4814,7.730519,1983,1983-04-11,101,6,7,4,liestal,6,Summer,24.34333333,32.2,13.47333333,7,18.90833333,10.16666667
47.4814,7.730519,1983,1983-04-11,101,6,7,4,liestal,7,Summer,30.90322581,37.8,16.06774194,8.4,23.48548387,10
47.4814,7.730519,1983,1983-04-11,101,6,7,4,liestal,8,Summer,26.09032258,31.3,14.60645161,8.1,20.3483871,19.74193548
47.4814,7.730519,1983,1983-04-11,101,6,7,4,liestal,9,Fall,21.69333333,28.6,11.01666667,4.9,16.355,43.83333333
47.4814,7.730519,1983,1983-04-11,101,6,7,4,liestal,10,Fall,15.7516129,25.4,6.987096774,-0.4,11.36935484,20.5483871
47.4814,7.730519,1983,1983-04-11,101,6,7,4,liestal,11,Fall,7.783333333,17.5,1.673333333,-5.9,4.728333333,16.83333333
47.4814,7.730519,1984,1984-04-19,110,8,6,7,liestal,0,Winter,4.935483871,15.8,-0.5096774194,-6.6,2.212903226,21.83870968
47.4814,7.730519,1984,1984-04-19,110,8,6,7,liestal,1,Winter,5.458064516,14.3,-0.335483871,-4.6,2.561290323,39.80645161
47.4814,7.730519,1984,1984-04-19,110,8,6,7,liestal,2,Winter,4.489655172,11.2,-0.8275862069,-8.4,1.831034483,26.51724138
47.4814,7.730519,1984,1984-04-19,110,8,6,7,liestal,3,Spring,9.496774194,15.6,-0.6322580645,-6.2,4.432258065,12.51612903
47.4814,7.730519,1984,1984-04-19,110,8,6,7,liestal,4,Spring,14.69666667,25.5,3.04,-0.8,8.868333333,8.8
47.4814,7.730519,1984,1984-04-19,110,8,6,7,liestal,5,Spring,15.98387097,22.6,6.996774194,0.2,11.49032258,49.51612903
47.4814,7.730519,1984,1984-04-19,110,8,6,7,liestal,6,Summer,22.72666667,30.1,10.65,6.3,16.68833333,15.06666667
47.4814,7.730519,1984,1984-04-19,110,8,6,7,liestal,7,Summer,26.07096774,35,12.77419355,6.4,19.42258065,16.93548387
47.4814,7.730519,1984,1984-04-19,110,8,6,7,liestal,8,Summer,24.68709677,32.4,13.59677419,10.6,19.14193548,34.35483871
47.4814,7.730519,1984,1984-04-19,110,8,6,7,liestal,9,Fall,18.99,31,10.61333333,7.9,14.80166667,71.8
47.4814,7.730519,1984,1984-04-19,110,8,6,7,liestal,10,Fall,15.98709677,22.7,8.058064516,3.7,12.02258065,16.06451613
47.4814,7.730519,1984,1984-04-19,110,8,6,7,liestal,11,Fall,10.83666667,20.3,4.576666667,0.1,7.706666667,20.4
47.4814,7.730519,1985,1985-04-16,106,7,8,6,liestal,0,Winter,5.180645161,12,1.003225806,-4.4,3.091935484,23.93548387
47.4814,7.730519,1985,1985-04-16,106,7,8,6,liestal,1,Winter,-1.4,10,-7.461290323,-20.5,-4.430645161,29.77419355
47.4814,7.730519,1985,1985-04-16,106,7,8,6,liestal,2,Winter,5.510714286,13,-2.867857143,-14,1.321428571,18.42857143
47.4814,7.730519,1985,1985-04-16,106,7,8,6,liestal,3,Spring,8.906451613,17.5,1.232258065,-3.3,5.069354839,12.4516129
47.4814,7.730519,1985,1985-04-16,106,7,8,6,liestal,4,Spring,15.37666667,25.8,4.546666667,-1.3,9.961666667,42.86666667
47.4814,7.730519,1985,1985-04-16,106,7,8,6,liestal,5,Spring,19.1516129,30,8.793548387,-0.9,13.97258065,51.80645161
47.4814,7.730519,1985,1985-04-16,106,7,8,6,liestal,6,Summer,21.74666667,29.5,10.98333333,5.1,16.365,33.46666667
47.4814,7.730519,1985,1985-04-16,106,7,8,6,liestal,7,Summer,26.72903226,34.8,14.88387097,9.4,20.80645161,26.80645161
47.4814,7.730519,1985,1985-04-16,106,7,8,6,liestal,8,Summer,25.91935484,35.3,12.79677419,6.8,19.35806452,26.41935484
47.4814,7.730519,1985,1985-04-16,106,7,8,6,liestal,9,Fall,23.93666667,29.3,10.83333333,4.6,17.385,12.86666667
47.4814,7.730519,1985,1985-04-16,106,7,8,6,liestal,10,Fall,16.50967742,28.5,6.522580645,1.5,11.51612903,3.451612903
47.4814,7.730519,1985,1985-04-16,106,7,8,6,liestal,11,Fall,5.263333333,19.4,-0.1866666667,-7,2.538333333,23.73333333
47.4814,7.730519,1986,1986-05-01,121,10,7,8,liestal,0,Winter,7.364516129,14,1.2,-5.6,4.282258065,19.32258065
47.4814,7.730519,1986,1986-05-01,121,10,7,8,liestal,1,Winter,5.34516129,13.5,-0.3483870968,-7.3,2.498387097,45.5483871
47.4814,7.730519,1986,1986-05-01,121,10,7,8,liestal,2,Winter,-0.8714285714,5.5,-6.707142857,-14.4,-3.789285714,17.89285714
47.4814,7.730519,1986,1986-05-01,121,10,7,8,liestal,3,Spring,9.403225806,15.8,0.2516129032,-7.4,4.827419355,17.29032258
47.4814,7.730519,1986,1986-05-01,121,10,7,8,liestal,4,Spring,11.84333333,21,4.373333333,-5.4,8.108333333,60.53333333
47.4814,7.730519,1986,1986-05-01,121,10,7,8,liestal,5,Spring,21.78709677,29.8,10.78064516,6.4,16.28387097,43.32258065
47.4814,7.730519,1986,1986-05-01,121,10,7,8,liestal,6,Summer,24.08333333,33,12.18333333,5.5,18.13333333,43.8
47.4814,7.730519,1986,1986-05-01,121,10,7,8,liestal,7,Summer,25.9516129,32.5,13.30322581,8.6,19.62741935,22.12903226
47.4814,7.730519,1986,1986-05-01,121,10,7,8,liestal,8,Summer,24.91935484,34.9,13.78387097,7.1,19.3516129,37.03225806
47.4814,7.730519,1986,1986-05-01,121,10,7,8,liestal,9,Fall,21.10333333,29.1,10.33,5.4,15.71666667,14.26666667
47.4814,7.730519,1986,1986-05-01,121,10,7,8,liestal,10,Fall,17.80322581,25.5,8.122580645,1,12.96290323,27.32258065
47.4814,7.730519,1986,1986-05-01,121,10,7,8,liestal,11,Fall,10.41666667,15.7,3.27,-3.5,6.843333333,17.36666667
47.4814,7.730519,1987,1987-04-22,112,8,10,7,liestal,0,Winter,5.535483871,12.5,0.3064516129,-9.5,2.920967742,29
47.4814,7.730519,1987,1987-04-22,112,8,10,7,liestal,1,Winter,-0.3225806452,13.2,-5.693548387,-22.9,-3.008064516,13.09677419
47.4814,7.730519,1987,1987-04-22,112,8,10,7,liestal,2,Winter,4.914285714,14.4,0.325,-6.7,2.619642857,31.60714286
47.4814,7.730519,1987,1987-04-22,112,8,10,7,liestal,3,Spring,7.622580645,16.2,-0.3451612903,-7.2,3.638709677,17.06451613
47.4814,7.730519,1987,1987-04-22,112,8,10,7,liestal,4,Spring,17.41,26.4,5.216666667,-1.9,11.31333333,21.6
47.4814,7.730519,1987,1987-04-22,112,8,10,7,liestal,5,Spring,16.76774194,25.6,6.596774194,1.8,11.68225806,48.12903226
47.4814,7.730519,1987,1987-04-22,112,8,10,7,liestal,6,Summer,20.82333333,33.4,11.89666667,6.6,16.36,67.7
47.4814,7.730519,1987,1987-04-22,112,8,10,7,liestal,7,Summer,25.01290323,31.5,15.31290323,8,20.16290323,36.80645161
47.4814,7.730519,1987,1987-04-22,112,8,10,7,liestal,8,Summer,24.17741935,32.5,14.05483871,7,19.11612903,31.19354839
47.4814,7.730519,1987,1987-04-22,112,8,10,7,liestal,9,Fall,23.60666667,31.6,13.55,2.7,18.57833333,52.6
47.4814,7.730519,1987,1987-04-22,112,8,10,7,liestal,10,Fall,15.13225806,21.6,9.109677419,4.1,12.12096774,21.90322581
47.4814,7.730519,1987,1987-04-22,112,8,10,7,liestal,11,Fall,9.256666667,16,4,-1,6.628333333,25.1
47.4814,7.730519,1988,1988-04-17,108,7,8,10,liestal,0,Winter,5.803225806,14,1.377419355,-5.5,3.590322581,22.19354839
47.4814,7.730519,1988,1988-04-17,108,7,8,10,liestal,1,Winter,8.24516129,17.9,2.609677419,-0.8,5.427419355,26.22580645
47.4814,7.730519,1988,1988-04-17,108,7,8,10,liestal,2,Winter,6.937931034,13.3,0.3482758621,-3,3.643103448,26.4137931
47.4814,7.730519,1988,1988-04-17,108,7,8,10,liestal,3,Spring,8.322580645,16,2.790322581,-4.8,5.556451613,48.41935484
47.4814,7.730519,1988,1988-04-17,108,7,8,10,liestal,4,Spring,16.27333333,25.5,5.686666667,-1.1,10.98,11.46666667
47.4814,7.730519,1988,1988-04-17,108,7,8,10,liestal,5,Spring,20.99354839,28.3,11.09677419,4,16.04516129,21
47.4814,7.730519,1988,1988-04-17,108,7,8,10,liestal,6,Summer,23.06666667,26.8,12.20333333,8.4,17.635,25.76666667
47.4814,7.730519,1988,1988-04-17,108,7,8,10,liestal,7,Summer,25.36774194,35,13.82903226,9.7,19.5983871,31.67741935
47.4814,7.730519,1988,1988-04-17,108,7,8,10,liestal,8,Summer,25.5516129,32.8,14.26451613,9.9,19.90806452,44.06451613
47.4814,7.730519,1988,1988-04-17,108,7,8,10,liestal,9,Fall,20.28666667,26.4,11.57,7.3,15.92833333,22.6
47.4814,7.730519,1988,1988-04-17,108,7,8,10,liestal,10,Fall,16.15806452,24.2,9.006451613,0,12.58225806,35.16129032
47.4814,7.730519,1988,1988-04-17,108,7,8,10,liestal,11,Fall,7.693333333,15.6,1.65,-8,4.671666667,14.4
47.4814,7.730519,1989,1989-03-28,87,2,7,8,liestal,0,Winter,6.867741935,14.2,1.990322581,-5.4,4.429032258,25.29032258
47.4814,7.730519,1989,1989-03-28,87,2,7,8,liestal,1,Winter,5.274193548,10.9,0.5290322581,-3,2.901612903,5.677419355
47.4814,7.730519,1989,1989-03-28,87,2,7,8,liestal,2,Winter,7.635714286,14.1,1.414285714,-3.2,4.525,34
47.4814,7.730519,1989,1989-03-28,87,2,7,8,liestal,3,Spring,15.07741935,25.6,4.212903226,-1.7,9.64516129,18.16129032
47.4814,7.730519,1989,1989-03-28,87,2,7,8,liestal,4,Spring,12.63,21,5.446666667,0.3,9.038333333,45.26666667
47.4814,7.730519,1989,1989-03-28,87,2,7,8,liestal,5,Spring,22.98387097,29.1,9.15483871,0.6,16.06935484,17.19354839
47.4814,7.730519,1989,1989-03-28,87,2,7,8,liestal,6,Summer,23.06666667,30.6,11.12,5,17.09333333,17.3
47.4814,7.730519,1989,1989-03-28,87,2,7,8,liestal,7,Summer,26.03548387,33.5,15.20967742,8.3,20.62258065,21.77419355
47.4814,7.730519,1989,1989-03-28,87,2,7,8,liestal,8,Summer,25.48387097,34.6,14.22580645,6.2,19.85483871,22.93548387
47.4814,7.730519,1989,1989-03-28,87,2,7,8,liestal,9,Fall,21.16,28.4,11.19333333,3.2,16.17666667,20.9
47.4814,7.730519,1989,1989-03-28,87,2,7,8,liestal,10,Fall,17.30645161,22.7,7.458064516,1.4,12.38225806,22.77419355
47.4814,7.730519,1989,1989-03-28,87,2,7,8,liestal,11,Fall,7.45,18.5,1.253333333,-8.5,4.351666667,13
47.4814,7.730519,1990,1990-03-16,75,0,2,7,liestal,0,Winter,6.890322581,20.2,0.9290322581,-4.8,3.909677419,26.09677419
47.4814,7.730519,1990,1990-03-16,75,0,2,7,liestal,1,Winter,5.406451613,14.8,-0.06129032258,-4.5,2.672580645,9.741935484
47.4814,7.730519,1990,1990-03-16,75,0,2,7,liestal,2,Winter,12.99285714,21.8,3.242857143,-1,8.117857143,28.03571429
47.4814,7.730519,1990,1990-03-16,75,0,2,7,liestal,3,Spring,14.36129032,24.6,3.296774194,-3.4,8.829032258,10.51612903
47.4814,7.730519,1990,1990-03-16,75,0,2,7,liestal,4,Spring,13.48333333,22.3,4.663333333,0,9.073333333,30.3
47.4814,7.730519,1990,1990-03-16,75,0,2,7,liestal,5,Spring,22.8,26.2,10.41935484,4.2,16.60967742,12.03225806
47.4814,7.730519,1990,1990-03-16,75,0,2,7,liestal,6,Summer,22.38,31.8,12.42,8,17.4,67.4
47.4814,7.730519,1990,1990-03-16,75,0,2,7,liestal,7,Summer,26.08387097,35.3,13.64516129,8,19.86451613,31.80645161
47.4814,7.730519,1990,1990-03-16,75,0,2,7,liestal,8,Summer,26.84193548,33.8,14.10967742,8.1,20.47580645,15.96774194
47.4814,7.730519,1990,1990-03-16,75,0,2,7,liestal,9,Fall,20.2,25.3,9.733333333,4,14.96666667,29.4
47.4814,7.730519,1990,1990-03-16,75,0,2,7,liestal,10,Fall,17.62580645,24.4,8.919354839,1.2,13.27258065,23.25806452
47.4814,7.730519,1990,1990-03-16,75,0,2,7,liestal,11,Fall,8.473333333,17,3.803333333,-1.6,6.138333333,43.46666667
47.4814,7.730519,1991,1991-04-04,94,4,0,2,liestal,0,Winter,3.725806452,14.6,-0.6,-6.5,1.562903226,38
47.4814,7.730519,1991,1991-04-04,94,4,0,2,liestal,1,Winter,5.122580645,18.8,0.6129032258,-4.8,2.867741935,16.09677419
47.4814,7.730519,1991,1991-04-04,94,4,0,2,liestal,2,Winter,4.539285714,16.9,-3.596428571,-13,0.4714285714,8.642857143
47.4814,7.730519,1991,1991-04-04,94,4,0,2,liestal,3,Spring,12.92903226,20.2,5.003225806,-1.8,8.966129032,24.83870968
47.4814,7.730519,1991,1991-04-04,94,4,0,2,liestal,4,Spring,15.15666667,21.5,3.663333333,-3.2,9.41,10.93333333
47.4814,7.730519,1991,1991-04-04,94,4,0,2,liestal,5,Spring,16.92580645,26.8,6.122580645,0.7,11.52419355,15.06451613
47.4814,7.730519,1991,1991-04-04,94,4,0,2,liestal,6,Summer,21.18666667,29,11.72333333,5.8,16.455,55.46666667
47.4814,7.730519,1991,1991-04-04,94,4,0,2,liestal,7,Summer,27.80967742,34.1,15.42258065,10.7,21.61612903,27.12903226
47.4814,7.730519,1991,1991-04-04,94,4,0,2,liestal,8,Summer,28.01290323,34.5,14.63870968,9.1,21.32580645,5.64516129
47.4814,7.730519,1991,1991-04-04,94,4,0,2,liestal,9,Fall,23.44,29,12.70666667,7.2,18.07333333,32
47.4814,7.730519,1991,1991-04-04,94,4,0,2,liestal,10,Fall,14.08387097,22,6.683870968,-1.5,10.38387097,22.80645161
47.4814,7.730519,1991,1991-04-04,94,4,0,2,liestal,11,Fall,8.16,19,3.083333333,-1.2,5.621666667,39.53333333
47.4814,7.730519,1992,1992-04-11,102,6,4,0,liestal,0,Winter,3.832258065,12.5,-1.248387097,-5.4,1.291935484,27.5483871
47.4814,7.730519,1992,1992-04-11,102,6,4,0,liestal,1,Winter,3.638709677,10.9,-1.75483871,-9.3,0.9419354839,8.967741935
47.4814,7.730519,1992,1992-04-11,102,6,4,0,liestal,2,Winter,7.448275862,14.8,-0.5103448276,-9,3.468965517,25.20689655
47.4814,7.730519,1992,1992-04-11,102,6,4,0,liestal,3,Spring,12.13870968,17.6,3.012903226,0,7.575806452,26.90322581
47.4814,7.730519,1992,1992-04-11,102,6,4,0,liestal,4,Spring,15.44,26.5,5.173333333,1,10.30666667,34.7
47.4814,7.730519,1992,1992-04-11,102,6,4,0,liestal,5,Spring,22.38709677,30.2,10.41290323,2.3,16.4,13.48387097
47.4814,7.730519,1992,1992-04-11,102,6,4,0,liestal,6,Summer,23.03,31,12.92,8,17.975,35.03333333
47.4814,7.730519,1992,1992-04-11,102,6,4,0,liestal,7,Summer,26.16774194,33.5,15.70967742,12.5,20.93870968,33.19354839
47.4814,7.730519,1992,1992-04-11,102,6,4,0,liestal,8,Summer,28.31935484,35,16.06451613,10.9,22.19193548,40.29032258
47.4814,7.730519,1992,1992-04-11,102,6,4,0,liestal,9,Fall,21.04666667,25.8,11.53333333,4.3,16.29,17.43333333
47.4814,7.730519,1992,1992-04-11,102,6,4,0,liestal,10,Fall,12.15806452,20.3,6.467741935,0.5,9.312903226,43
47.4814,7.730519,1992,1992-04-11,102,6,4,0,liestal,11,Fall,10.88333333,18.5,5.003333333,-0.8,7.943333333,69.23333333
47.4814,7.730519,1993,1993-04-11,101,6,6,4,liestal,0,Winter,4.906451613,17,0.8064516129,-6,2.856451613,25.77419355
47.4814,7.730519,1993,1993-04-11,101,6,6,4,liestal,1,Winter,7.838709677,18.5,0.8741935484,-12.2,4.356451613,11.4516129
47.4814,7.730519,1993,1993-04-11,101,6,6,4,liestal,2,Winter,4.321428571,8.1,-1.175,-10.8,1.573214286,8.5
47.4814,7.730519,1993,1993-04-11,101,6,6,4,liestal,3,Spring,11.37419355,21,1.129032258,-7.2,6.251612903,6.290322581
47.4814,7.730519,1993,1993-04-11,101,6,6,4,liestal,4,Spring,17.80666667,28.3,7.243333333,0,12.525,26.3
47.4814,7.730519,1993,1993-04-11,101,6,6,4,liestal,5,Spring,21.59032258,30.6,10.99032258,6.4,16.29032258,22.51612903
47.4814,7.730519,1993,1993-04-11,101,6,6,4,liestal,6,Summer,23.77666667,31.5,13.36666667,8,18.57166667,29.83333333
47.4814,7.730519,1993,1993-04-11,101,6,6,4,liestal,7,Summer,23.97096774,34,13.91612903,7.9,18.94354839,49.70967742
47.4814,7.730519,1993,1993-04-11,101,6,6,4,liestal,8,Summer,25.03225806,31.6,13.78709677,6.7,19.40967742,31.90322581
47.4814,7.730519,1993,1993-04-11,101,6,6,4,liestal,9,Fall,19.11,27,10.85333333,5.5,14.98166667,40.1
47.4814,7.730519,1993,1993-04-11,101,6,6,4,liestal,10,Fall,12.24516129,19,7.722580645,3.8,9.983870968,29.90322581
47.4814,7.730519,1993,1993-04-11,101,6,6,4,liestal,11,Fall,5.233333333,15.6,1.28,-6.5,3.256666667,6.133333333
47.4814,7.730519,1994,1994-03-23,82,1,6,6,liestal,0,Winter,8.996774194,18.5,2.487096774,-2.5,5.741935484,39
47.4814,7.730519,1994,1994-03-23,82,1,6,6,liestal,1,Winter,6.948387097,15,1.351612903,-7.2,4.15,31.74193548
47.4814,7.730519,1994,1994-03-23,82,1,6,6,liestal,2,Winter,6.846428571,14.5,0.6785714286,-7.2,3.7625,23.82142857
47.4814,7.730519,1994,1994-03-23,82,1,6,6,liestal,3,Spring,14.78387097,22.5,6.316129032,-0.6,10.55,16.35483871
47.4814,7.730519,1994,1994-03-23,82,1,6,6,liestal,4,Spring,13.55666667,26.3,4.79,-0.5,9.173333333,35.03333333
47.4814,7.730519,1994,1994-03-23,82,1,6,6,liestal,5,Spring,19.70967742,25.5,10.42580645,5,15.06774194,46.19354839
47.4814,7.730519,1994,1994-03-23,82,1,6,6,liestal,6,Summer,24.29333333,31.4,12.99666667,6.5,18.645,19.26666667
47.4814,7.730519,1994,1994-03-23,82,1,6,6,liestal,7,Summer,29.65806452,35,17.66451613,12.2,23.66129032,11
47.4814,7.730519,1994,1994-03-23,82,1,6,6,liestal,8,Summer,27.04193548,36.5,15.78387097,10,21.41290323,21.5483871
47.4814,7.730519,1994,1994-03-23,82,1,6,6,liestal,9,Fall,19.67666667,26.2,11.76666667,4.8,15.72166667,41.86666667
47.4814,7.730519,1994,1994-03-23,82,1,6,6,liestal,10,Fall,15.86774194,24.8,7.132258065,1.5,11.5,21
47.4814,7.730519,1994,1994-03-23,82,1,6,6,liestal,11,Fall,12.07333333,17,6.61,4,9.341666667,17.3
47.4814,7.730519,1995,1995-04-03,93,4,1,6,liestal,0,Winter,7.796774194,14.2,2.706451613,-1.8,5.251612903,46.22580645
47.4814,7.730519,1995,1995-04-03,93,4,1,6,liestal,1,Winter,5.119354839,15.8,-1.403225806,-9.1,1.858064516,41.61290323
47.4814,7.730519,1995,1995-04-03,93,4,1,6,liestal,2,Winter,10.91071429,17.3,3.035714286,-1.4,6.973214286,43.28571429
47.4814,7.730519,1995,1995-04-03,93,4,1,6,liestal,3,Spring,10.09677419,19.3,1.135483871,-2.6,5.616129032,30.5483871
47.4814,7.730519,1995,1995-04-03,93,4,1,6,liestal,4,Spring,15.36,23.1,6.143333333,1.6,10.75166667,17.13333333
47.4814,7.730519,1995,1995-04-03,93,4,1,6,liestal,5,Spring,20.08709677,28,9.006451613,2,14.54677419,42.64516129
47.4814,7.730519,1995,1995-04-03,93,4,1,6,liestal,6,Summer,21.71333333,31.5,11.76666667,8.3,16.74,21.1
47.4814,7.730519,1995,1995-04-03,93,4,1,6,liestal,7,Summer,28.52580645,35.2,16.96774194,13.9,22.74677419,39.16129032
47.4814,7.730519,1995,1995-04-03,93,4,1,6,liestal,8,Summer,25.07419355,32.8,15.12903226,8.2,20.1016129,39.70967742
47.4814,7.730519,1995,1995-04-03,93,4,1,6,liestal,9,Fall,18.37,23.5,10.14666667,3.5,14.25833333,39.7
47.4814,7.730519,1995,1995-04-03,93,4,1,6,liestal,10,Fall,19.27419355,24,11.5483871,6.5,15.41129032,4.774193548
47.4814,7.730519,1995,1995-04-03,93,4,1,6,liestal,11,Fall,8.603333333,17.2,2.753333333,-4,5.678333333,31.2
47.4814,7.730519,1996,1996-04-18,109,8,4,1,liestal,0,Winter,3.619354839,15.1,0.05483870968,-4.4,1.837096774,40.22580645
47.4814,7.730519,1996,1996-04-18,109,8,4,1,liestal,1,Winter,3.780645161,10.4,0.1483870968,-3.6,1.964516129,3.387096774
47.4814,7.730519,1996,1996-04-18,109,8,4,1,liestal,2,Winter,4.868965517,14.2,-1.620689655,-7.9,1.624137931,17.20689655
47.4814,7.730519,1996,1996-04-18,109,8,4,1,liestal,3,Spring,9.764516129,22,0.6903225806,-7.6,5.227419355,10.77419355
47.4814,7.730519,1996,1996-04-18,109,8,4,1,liestal,4,Spring,16.68666667,27.2,5.903333333,-2.3,11.295,8.066666667
47.4814,7.730519,1996,1996-04-18,109,8,4,1,liestal,5,Spring,18.00322581,29.5,9.338709677,6,13.67096774,36.25806452
47.4814,7.730519,1996,1996-04-18,109,8,4,1,liestal,6,Summer,24.18333333,32.1,13.38,9,18.78166667,20.73333333
47.4814,7.730519,1996,1996-04-18,109,8,4,1,liestal,7,Summer,24.52903226,30,13.72580645,9.1,19.12741935,25.83870968
47.4814,7.730519,1996,1996-04-18,109,8,4,1,liestal,8,Summer,23.87096774,31.2,14.35806452,9.4,19.11451613,31.25806452
47.4814,7.730519,1996,1996-04-18,109,8,4,1,liestal,9,Fall,18.13,24.1,8.813333333,4.8,13.47166667,12.73333333
47.4814,7.730519,1996,1996-04-18,109,8,4,1,liestal,10,Fall,15.17741935,22,7.832258065,1.9,11.50483871,33.29032258
47.4814,7.730519,1996,1996-04-18,109,8,4,1,liestal,11,Fall,9.063333333,18.2,3.546666667,-1.8,6.305,49.2
47.4814,7.730519,1997,1997-03-22,81,1,8,4,liestal,0,Winter,3.116129032,11.5,-1.132258065,-12,0.9919354839,25.5483871
47.4814,7.730519,1997,1997-03-22,81,1,8,4,liestal,1,Winter,1.009677419,8.2,-2.480645161,-10.5,-0.735483871,8.322580645
47.4814,7.730519,1997,1997-03-22,81,1,8,4,liestal,2,Winter,10.675,17.1,1.846428571,-2.7,6.260714286,31.21428571
47.4814,7.730519,1997,1997-03-22,81,1,8,4,liestal,3,Spring,14.40645161,21.2,4.261290323,0.4,9.333870968,6.580645161
47.4814,7.730519,1997,1997-03-22,81,1,8,4,liestal,4,Spring,15.29333333,22.4,3.216666667,-1.1,9.255,22.86666667
47.4814,7.730519,1997,1997-03-22,81,1,8,4,liestal,5,Spring,21.07096774,28.5,9.661290323,5.2,15.36612903,22.61290323
47.4814,7.730519,1997,1997-03-22,81,1,8,4,liestal,6,Summer,22.53666667,31,13.28666667,8.5,17.91166667,52.53333333
47.4814,7.730519,1997,1997-03-22,81,1,8,4,liestal,7,Summer,23.87741935,28.8,13.63870968,10,18.75806452,27.22580645
47.4814,7.730519,1997,1997-03-22,81,1,8,4,liestal,8,Summer,27.98064516,32.7,15.87741935,11.8,21.92903226,14.29032258
47.4814,7.730519,1997,1997-03-22,81,1,8,4,liestal,9,Fall,23.29,29.3,11.44,6.3,17.365,24.26666667
47.4814,7.730519,1997,1997-03-22,81,1,8,4,liestal,10,Fall,15.67741935,25.9,6.567741935,-5,11.12258065,19.35483871
47.4814,7.730519,1997,1997-03-22,81,1,8,4,liestal,11,Fall,9.703333333,15.5,3.413333333,-2.6,6.558333333,20.43333333
47.4814,7.730519,1998,1998-03-31,90,3,1,8,liestal,0,Winter,6.419354839,16,1.74516129,-1.8,4.082258065,57.93548387
47.4814,7.730519,1998,1998-03-31,90,3,1,8,liestal,1,Winter,7.380645161,15.2,1.025806452,-4.2,4.203225806,24.58064516
47.4814,7.730519,1998,1998-03-31,90,3,1,8,liestal,2,Winter,11.025,18.1,0.2214285714,-6.8,5.623214286,11.57142857
47.4814,7.730519,1998,1998-03-31,90,3,1,8,liestal,3,Spring,12.52903226,23.3,2.474193548,-4.3,7.501612903,15.41935484
47.4814,7.730519,1998,1998-03-31,90,3,1,8,liestal,4,Spring,15.43,24.2,5.986666667,-0.5,10.70833333,52.53333333
47.4814,7.730519,1998,1998-03-31,90,3,1,8,liestal,5,Spring,22.59032258,31,9.870967742,3,16.23064516,13.29032258
47.4814,7.730519,1998,1998-03-31,90,3,1,8,liestal,6,Summer,24.62,34,13.65,6.5,19.135,43.1
47.4814,7.730519,1998,1998-03-31,90,3,1,8,liestal,7,Summer,25.62258065,36.5,15.16774194,9,20.39516129,36.19354839
47.4814,7.730519,1998,1998-03-31,90,3,1,8,liestal,8,Summer,26.08387097,36.8,13.70645161,6.1,19.89516129,29.80645161
47.4814,7.730519,1998,1998-03-31,90,3,1,8,liestal,9,Fall,19.98333333,28,11.52333333,5.2,15.75333333,48.66666667
47.4814,7.730519,1998,1998-03-31,90,3,1,8,liestal,10,Fall,15.20322581,23.5,8.1,3.4,11.6516129,44.38709677
47.4814,7.730519,1998,1998-03-31,90,3,1,8,liestal,11,Fall,6.963333333,14.3,0.65,-7.9,3.806666667,35.1
47.4814,7.730519,1999,1999-04-04,94,4,3,1,liestal,0,Winter,5.590322581,13,-0.3,-5.3,2.64516129,19.70967742
47.4814,7.730519,1999,1999-04-04,94,4,3,1,liestal,1,Winter,7.235483871,14,0.06451612903,-7.1,3.65,20.80645161
47.4814,7.730519,1999,1999-04-04,94,4,3,1,liestal,2,Winter,4.25,12.1,-1.728571429,-13,1.260714286,69.71428571
47.4814,7.730519,1999,1999-04-04,94,4,3,1,liestal,3,Spring,12.25806452,20.7,3.232258065,-0.8,7.74516129,25.58064516
47.4814,7.730519,1999,1999-04-04,94,4,3,1,liestal,4,Spring,16.15333333,23.4,6.063333333,0.8,11.10833333,42.83333333
47.4814,7.730519,1999,1999-04-04,94,4,3,1,liestal,5,Spring,22.07419355,31.5,11.79032258,8.2,16.93225806,49.77419355
47.4814,7.730519,1999,1999-04-04,94,4,3,1,liestal,6,Summer,23.01333333,31.2,11.72666667,7,17.37,54.66666667
47.4814,7.730519,1999,1999-04-04,94,4,3,1,liestal,7,Summer,26.4516129,34.1,15.43225806,9.4,20.94193548,33.03225806
47.4814,7.730519,1999,1999-04-04,94,4,3,1,liestal,8,Summer,25.23548387,30.1,15.37741935,10.5,20.30645161,40.93548387
47.4814,7.730519,1999,1999-04-04,94,4,3,1,liestal,9,Fall,23.69,31.4,13.69,10,18.69,42.33333333
47.4814,7.730519,1999,1999-04-04,94,4,3,1,liestal,10,Fall,15.45806452,20.3,7.748387097,2.9,11.60322581,24.29032258
47.4814,7.730519,1999,1999-04-04,94,4,3,1,liestal,11,Fall,6.496666667,17.5,1.853333333,-7.9,4.175,22.56666667
47.4814,7.730519,2000,2000-04-01,92,4,4,3,liestal,0,Winter,6.641935484,14.6,0.7322580645,-6,3.687096774,50.61290323
47.4814,7.730519,2000,2000-04-01,92,4,4,3,liestal,1,Winter,4.693548387,12.6,-0.3677419355,-9.5,2.162903226,12.51612903
47.4814,7.730519,2000,2000-04-01,92,4,4,3,liestal,2,Winter,9.95862069,20.4,2.031034483,-3.6,5.994827586,36.96551724
47.4814,7.730519,2000,2000-04-01,92,4,4,3,liestal,3,Spring,12.65483871,20.5,3.35483871,-2.5,8.00483871,16.41935484
47.4814,7.730519,2000,2000-04-01,92,4,4,3,liestal,4,Spring,17.41666667,27.2,6.436666667,0,11.92666667,18.46666667
47.4814,7.730519,2000,2000-04-01,92,4,4,3,liestal,5,Spring,22.91935484,29.6,11.21612903,6.7,17.06774194,25.93548387
47.4814,7.730519,2000,2000-04-01,92,4,4,3,liestal,6,Summer,25.89,33.6,13.13666667,7.5,19.51333333,28.73333333
47.4814,7.730519,2000,2000-04-01,92,4,4,3,liestal,7,Summer,22.80645161,32.2,13.11290323,8,17.95967742,62.25806452
47.4814,7.730519,2000,2000-04-01,92,4,4,3,liestal,8,Summer,26.93870968,33,15.11935484,11,21.02903226,21.61290323
47.4814,7.730519,2000,2000-04-01,92,4,4,3,liestal,9,Fall,22.77666667,28,12.04666667,7.6,17.41166667,26.5
47.4814,7.730519,2000,2000-04-01,92,4,4,3,liestal,10,Fall,16.38709677,21,8.703225806,3.5,12.54516129,20.22580645
47.4814,7.730519,2000,2000-04-01,92,4,4,3,liestal,11,Fall,10.96,16.3,5.023333333,0.5,7.991666667,34.9
47.4814,7.730519,2001,2001-03-30,89,3,4,4,liestal,0,Winter,8.183870968,15.1,3.229032258,-2,5.706451613,20.38709677
47.4814,7.730519,2001,2001-03-30,89,3,4,4,liestal,1,Winter,6.222580645,15,0.9322580645,-3.3,3.577419355,33.51612903
47.4814,7.730519,2001,2001-03-30,89,3,4,4,liestal,2,Winter,9.235714286,16.6,1.042857143,-6.4,5.139285714,13.25
47.4814,7.730519,2001,2001-03-30,89,3,4,4,liestal,3,Spring,11.91612903,20.9,5.135483871,-0.6,8.525806452,79.06451613
47.4814,7.730519,2001,2001-03-30,89,3,4,4,liestal,4,Spring,13.72,23.5,4.863333333,0.5,9.291666667,50.83333333
47.4814,7.730519,2001,2001-03-30,89,3,4,4,liestal,5,Spring,22.22903226,28.8,11.01290323,5.5,16.62096774,38.5483871
47.4814,7.730519,2001,2001-03-30,89,3,4,4,liestal,6,Summer,22.61333333,32,11.68,5.3,17.14666667,34.56666667
47.4814,7.730519,2001,2001-03-30,89,3,4,4,liestal,7,Summer,26.76774194,33.5,15.1516129,11.7,20.95967742,30.93548387
47.4814,7.730519,2001,2001-03-30,89,3,4,4,liestal,8,Summer,27.86451613,35.2,15.90967742,10,21.88709677,19.35483871
47.4814,7.730519,2001,2001-03-30,89,3,4,4,liestal,9,Fall,17.79666667,25.7,9.793333333,6,13.795,46.4
47.4814,7.730519,2001,2001-03-30,89,3,4,4,liestal,10,Fall,20.7483871,28.6,10.6483871,7.4,15.6983871,30.77419355
47.4814,7.730519,2001,2001-03-30,89,3,4,4,liestal,11,Fall,7.93,14.5,1.576666667,-3.2,4.753333333,34.66666667
47.4814,7.730519,2002,2002-03-18,77,0,3,4,liestal,0,Winter,4.748387097,12.1,-1.577419355,-12.6,1.585483871,20.48387097
47.4814,7.730519,2002,2002-03-18,77,0,3,4,liestal,1,Winter,5.593548387,17,-0.9225806452,-9.5,2.335483871,9.322580645
47.4814,7.730519,2002,2002-03-18,77,0,3,4,liestal,2,Winter,11.01785714,16.5,3.685714286,-4.6,7.351785714,31.5
47.4814,7.730519,2002,2002-03-18,77,0,3,4,liestal,3,Spring,13.67741935,19.8,2.925806452,-3,8.301612903,10.48387097
47.4814,7.730519,2002,2002-03-18,77,0,3,4,liestal,4,Spring,16.44,24,4.87,-0.5,10.655,15.73333333
47.4814,7.730519,2002,2002-03-18,77,0,3,4,liestal,5,Spring,19.89032258,31.5,9.325806452,1.9,14.60806452,40.70967742
47.4814,7.730519,2002,2002-03-18,77,0,3,4,liestal,6,Summer,26.51,36.5,14.35666667,8.6,20.43333333,27.96666667
47.4814,7.730519,2002,2002-03-18,77,0,3,4,liestal,7,Summer,25.35806452,32.2,14.3516129,8.6,19.85483871,35.87096774
47.4814,7.730519,2002,2002-03-18,77,0,3,4,liestal,8,Summer,25.21612903,32,15.0516129,11.5,20.13387097,28.77419355
47.4814,7.730519,2002,2002-03-18,77,0,3,4,liestal,9,Fall,19.77,26.7,10.72666667,3.1,15.24833333,33.46666667
47.4814,7.730519,2002,2002-03-18,77,0,3,4,liestal,10,Fall,16.34516129,24.1,7.509677419,2.5,11.92741935,60.70967742
47.4814,7.730519,2002,2002-03-18,77,0,3,4,liestal,11,Fall,10.63666667,16,5.85,2.5,8.243333333,76.16666667
47.4814,7.730519,2003,2003-04-02,92,4,0,3,liestal,0,Winter,7.090322581,14,3.622580645,-2.2,5.356451613,25.74193548
47.4814,7.730519,2003,2003-04-02,92,4,0,3,liestal,1,Winter,4.267741935,17.2,-0.8516129032,-10.8,1.708064516,21.5483871
47.4814,7.730519,2003,2003-04-02,92,4,0,3,liestal,2,Winter,4.25,15.2,-2.978571429,-9.5,0.6357142857,12.07142857
47.4814,7.730519,2003,2003-04-02,92,4,0,3,liestal,3,Spring,15.79032258,23,2.932258065,-1.5,9.361290323,14.19354839
47.4814,7.730519,2003,2003-04-02,92,4,0,3,liestal,4,Spring,17.49,27,5.053333333,-1.5,11.27166667,21.3
47.4814,7.730519,2003,2003-04-02,92,4,0,3,liestal,5,Spring,21.77419355,29.8,10.90645161,2.5,16.34032258,33.06451613
47.4814,7.730519,2003,2003-04-02,92,4,0,3,liestal,6,Summer,31.25666667,36.5,17.63,14,24.44333333,6
47.4814,7.730519,2003,2003-04-02,92,4,0,3,liestal,7,Summer,28.61290323,38,15.88064516,11,22.24677419,23.96774194
47.4814,7.730519,2003,2003-04-02,92,4,0,3,liestal,8,Summer,32.16129032,39.2,17.30322581,12.4,24.73225806,17.5483871
47.4814,7.730519,2003,2003-04-02,92,4,0,3,liestal,9,Fall,23,30.5,10.13666667,5.5,16.56833333,16.23333333
47.4814,7.730519,2003,2003-04-02,92,4,0,3,liestal,10,Fall,12.52258065,25,4.961290323,-2.7,8.741935484,39.5483871
47.4814,7.730519,2003,2003-04-02,92,4,0,3,liestal,11,Fall,10.47333333,15.2,3.59,-1,7.031666667,16.46666667
47.4814,7.730519,2004,2004-04-01,92,4,4,0,liestal,0,Winter,5.387096774,12.5,0.3806451613,-4.8,2.883870968,7.290322581
47.4814,7.730519,2004,2004-04-01,92,4,4,0,liestal,1,Winter,5.125806452,15.5,-0.04838709677,-7.4,2.538709677,52.64516129
47.4814,7.730519,2004,2004-04-01,92,4,4,0,liestal,2,Winter,7.406896552,16.8,-1.862068966,-7.5,2.772413793,14.96551724
47.4814,7.730519,2004,2004-04-01,92,4,4,0,liestal,3,Spring,11.09354839,23.8,2.038709677,-4.3,6.566129032,13.83870968
47.4814,7.730519,2004,2004-04-01,92,4,4,0,liestal,4,Spring,17.02333333,25,5.49,0.5,11.25666667,9.733333333
47.4814,7.730519,2004,2004-04-01,92,4,4,0,liestal,5,Spring,19.16774194,28.5,7.841935484,3,13.50483871,28.5483871
47.4814,7.730519,2004,2004-04-01,92,4,4,0,liestal,6,Summer,23.79666667,32.7,12.21666667,8.7,18.00666667,23.3
47.4814,7.730519,2004,2004-04-01,92,4,4,0,liestal,7,Summer,25.77741935,32,14.24193548,9.5,20.00967742,20.64516129
47.4814,7.730519,2004,2004-04-01,92,4,4,0,liestal,8,Summer,26.04516129,33.4,15.60645161,12,20.82580645,33.61290323
47.4814,7.730519,2004,2004-04-01,92,4,4,0,liestal,9,Fall,22.23,29.5,11.73333333,7.3,16.98166667,15.3
47.4814,7.730519,2004,2004-04-01,92,4,4,0,liestal,10,Fall,16.47096774,26.2,9.235483871,4.7,12.85322581,54.38709677
47.4814,7.730519,2004,2004-04-01,92,4,4,0,liestal,11,Fall,8.286666667,14.9,2.353333333,-4,5.32,8.833333333
47.4814,7.730519,2005,2005-04-05,95,4,4,4,liestal,0,Winter,3.703225806,11,-0.1612903226,-8.3,1.770967742,19.87096774
47.4814,7.730519,2005,2005-04-05,95,4,4,4,liestal,1,Winter,5.541935484,12.1,-1.438709677,-12,2.051612903,14.22580645
47.4814,7.730519,2005,2005-04-05,95,4,4,4,liestal,2,Winter,4.028571429,13,-1.846428571,-8.6,1.091071429,27.71428571
47.4814,7.730519,2005,2005-04-05,95,4,4,4,liestal,3,Spring,12.42903226,23.7,1.580645161,-13.8,7.00483871,20.35483871
47.4814,7.730519,2005,2005-04-05,95,4,4,4,liestal,4,Spring,15.68666667,28.3,5.986666667,-1.5,10.83666667,35.33333333
47.4814,7.730519,2005,2005-04-05,95,4,4,4,liestal,5,Spring,21.19354839,32.5,9.419354839,3,15.30645161,40.93548387
47.4814,7.730519,2005,2005-04-05,95,4,4,4,liestal,6,Summer,26.82,35.4,13.96,5.6,20.39,23.3
47.4814,7.730519,2005,2005-04-05,95,4,4,4,liestal,7,Summer,25.68387097,35.7,14.74193548,10.7,20.21290323,39.22580645
47.4814,7.730519,2005,2005-04-05,95,4,4,4,liestal,8,Summer,23.67096774,31.4,13.04193548,7.4,18.35645161,23.48387097
47.4814,7.730519,2005,2005-04-05,95,4,4,4,liestal,9,Fall,22.67333333,29.5,12.13666667,5.8,17.405,13.66666667
47.4814,7.730519,2005,2005-04-05,95,4,4,4,liestal,10,Fall,17.3516129,22.1,8.990322581,5.7,13.17096774,21.16129032
47.4814,7.730519,2005,2005-04-05,95,4,4,4,liestal,11,Fall,8.536666667,19.7,1.953333333,-5.8,5.245,12.2
47.4814,7.730519,2006,2006-04-21,111,8,4,4,liestal,0,Winter,3.141935484,11.4,-1.612903226,-10,0.764516129,20.96774194
47.4814,7.730519,2006,2006-04-21,111,8,4,4,liestal,1,Winter,1.958064516,8.9,-3.2,-7.6,-0.6209677419,4.290322581
47.4814,7.730519,2006,2006-04-21,111,8,4,4,liestal,2,Winter,4.767857143,11.9,-1.325,-6.4,1.721428571,15.07142857
47.4814,7.730519,2006,2006-04-21,111,8,4,4,liestal,3,Spring,8.864516129,23.3,0.7870967742,-6.3,4.825806452,57.41935484
47.4814,7.730519,2006,2006-04-21,111,8,4,4,liestal,4,Spring,15.64,24.7,4.82,-1.7,10.23,50.06666667
47.4814,7.730519,2006,2006-04-21,111,8,4,4,liestal,5,Spring,20.29354839,26.5,9.809677419,5,15.0516129,45.70967742
47.4814,7.730519,2006,2006-04-21,111,8,4,4,liestal,6,Summer,25.89,33.1,12.91666667,4.4,19.40333333,18.03333333
47.4814,7.730519,2006,2006-04-21,111,8,4,4,liestal,7,Summer,31.4516129,36.5,17.6,14.6,24.52580645,18.90322581
47.4814,7.730519,2006,2006-04-21,111,8,4,4,liestal,8,Summer,21.76451613,26.6,13.05483871,8.3,17.40967742,56.90322581
47.4814,7.730519,2006,2006-04-21,111,8,4,4,liestal,9,Fall,23.86666667,29.5,14.17333333,9.5,19.02,46.5
47.4814,7.730519,2006,2006-04-21,111,8,4,4,liestal,10,Fall,18.42580645,21.9,9.932258065,6.2,14.17903226,23.06451613
47.4814,7.730519,2006,2006-04-21,111,8,4,4,liestal,11,Fall,11.82666667,15.9,4.366666667,-1.3,8.096666667,14.7
47.4814,7.730519,2007,2007-04-04,94,4,8,4,liestal,0,Winter,6.916129032,16.3,1.180645161,-4.2,4.048387097,24.38709677
47.4814,7.730519,2007,2007-04-04,94,4,8,4,liestal,1,Winter,8.84516129,16,2.429032258,-7.4,5.637096774,16
47.4814,7.730519,2007,2007-04-04,94,4,8,4,liestal,2,Winter,10.93928571,15.8,2.25,-1.2,6.594642857,31.10714286
47.4814,7.730519,2007,2007-04-04,94,4,8,4,liestal,3,Spring,12.58709677,19.2,1.861290323,-0.3,7.224193548,34.09677419
47.4814,7.730519,2007,2007-04-04,94,4,8,4,liestal,4,Spring,23.05,28,6.746666667,1.2,14.89833333,0.7
47.4814,7.730519,2007,2007-04-04,94,4,8,4,liestal,5,Spring,21.95806452,30.5,10.77419355,4.1,16.36612903,41.32258065
47.4814,7.730519,2007,2007-04-04,94,4,8,4,liestal,6,Summer,24.38666667,31,13.98666667,10,19.18666667,61.33333333
47.4814,7.730519,2007,2007-04-04,94,4,8,4,liestal,7,Summer,24.75806452,34.5,13.99354839,8.4,19.37580645,41.12903226
47.4814,7.730519,2007,2007-04-04,94,4,8,4,liestal,8,Summer,24.12580645,33.6,13.97741935,9.4,19.0516129,48.61290323
47.4814,7.730519,2007,2007-04-04,94,4,8,4,liestal,9,Fall,20.38666667,26.6,9.28,4.3,14.83333333,16.4
47.4814,7.730519,2007,2007-04-04,94,4,8,4,liestal,10,Fall,15.50967742,25.7,6.516129032,-0.1,11.01290323,2.322580645
47.4814,7.730519,2007,2007-04-04,94,4,8,4,liestal,11,Fall,7.93,12.9,1.19,-6,4.56,18.3
47.4814,7.730519,2008,2008-03-29,89,3,4,8,liestal,0,Winter,4.761290323,14.8,-0.07419354839,-5.7,2.343548387,24.32258065
47.4814,7.730519,2008,2008-03-29,89,3,4,8,liestal,1,Winter,7.874193548,13.9,0.5741935484,-3.2,4.224193548,20.5483871
47.4814,7.730519,2008,2008-03-29,89,3,4,8,liestal,2,Winter,10.78275862,19.2,-0.3551724138,-5.3,5.213793103,8.310344828
47.4814,7.730519,2008,2008-03-29,89,3,4,8,liestal,3,Spring,10.51612903,19.9,2.238709677,-4.9,6.377419355,22.12903226
47.4814,7.730519,2008,2008-03-29,89,3,4,8,liestal,4,Spring,14.51333333,22.4,5.12,-1.8,9.816666667,41.66666667
47.4814,7.730519,2008,2008-03-29,89,3,4,8,liestal,5,Spring,22.96129032,29.3,11.1516129,6,17.05645161,21.22580645
47.4814,7.730519,2008,2008-03-29,89,3,4,8,liestal,6,Summer,24.08,32.3,13.68333333,7.4,18.88166667,18.2
47.4814,7.730519,2008,2008-03-29,89,3,4,8,liestal,7,Summer,26.30645161,34.3,14.50322581,9.9,20.40483871,31.77419355
47.4814,7.730519,2008,2008-03-29,89,3,4,8,liestal,8,Summer,25.07096774,31,14,10.3,19.53548387,30.25806452
47.4814,7.730519,2008,2008-03-29,89,3,4,8,liestal,9,Fall,18.99,28,9.796666667,3,14.39333333,32.66666667
47.4814,7.730519,2008,2008-03-29,89,3,4,8,liestal,10,Fall,15.62580645,23.1,7.119354839,0.3,11.37258065,40.58064516
47.4814,7.730519,2008,2008-03-29,89,3,4,8,liestal,11,Fall,8.903333333,16.6,2.68,-4,5.791666667,11.56666667
47.4814,7.730519,2009,2009-04-10,100,5,3,4,liestal,0,Winter,3.735483871,9.8,-0.5161290323,-4.7,1.609677419,27.51612903
47.4814,7.730519,2009,2009-04-10,100,5,3,4,liestal,1,Winter,2.361290323,12.7,-2.870967742,-9.3,-0.2548387097,7.032258065
47.4814,7.730519,2009,2009-04-10,100,5,3,4,liestal,2,Winter,5.835714286,14.1,-1.642857143,-9.6,2.096428571,20.46428571
47.4814,7.730519,2009,2009-04-10,100,5,3,4,liestal,3,Spring,10.30645161,16,1.506451613,-3.9,5.906451613,27
47.4814,7.730519,2009,2009-04-10,100,5,3,4,liestal,4,Spring,19.52,24.4,7.196666667,3.7,13.35833333,3.833333333
47.4814,7.730519,2009,2009-04-10,100,5,3,4,liestal,5,Spring,23.2,33.6,10.91935484,2.4,17.05967742,30.4516129
47.4814,7.730519,2009,2009-04-10,100,5,3,4,liestal,6,Summer,23.79666667,30.1,12.37,7.6,18.08333333,34.36666667
47.4814,7.730519,2009,2009-04-10,100,5,3,4,liestal,7,Summer,26.14193548,33,14.79677419,10.4,20.46935484,39.80645161
47.4814,7.730519,2009,2009-04-10,100,5,3,4,liestal,8,Summer,27.75806452,34.9,15.5,7.6,21.62903226,24.93548387
47.4814,7.730519,2009,2009-04-10,100,5,3,4,liestal,9,Fall,22.47,32.1,11.98,6.9,17.225,17.46666667
47.4814,7.730519,2009,2009-04-10,100,5,3,4,liestal,10,Fall,15.27741935,28.2,6.616129032,-0.4,10.94677419,17.70967742
47.4814,7.730519,2009,2009-04-10,100,5,3,4,liestal,11,Fall,11.54666667,15.6,4.48,1.2,8.013333333,34.3
47.4814,7.730519,2010,2010-04-08,98,5,5,3,liestal,0,Winter,5.138709677,14.8,-0.2677419355,-15.3,2.435483871,44.35483871
47.4814,7.730519,2010,2010-04-08,98,5,5,3,liestal,1,Winter,1.622580645,8.3,-2.661290323,-8.1,-0.5193548387,18.03225806
47.4814,7.730519,2010,2010-04-08,98,5,5,3,liestal,2,Winter,5.907142857,15.9,-0.775,-9.7,2.566071429,22.25
47.4814,7.730519,2010,2010-04-08,98,5,5,3,liestal,3,Spring,11.13548387,21.5,1.732258065,-5.4,6.433870968,20.06451613
47.4814,7.730519,2010,2010-04-08,98,5,5,3,liestal,4,Spring,18.05,28.4,5.026666667,0.8,11.53833333,7.733333333
47.4814,7.730519,2010,2010-04-08,98,5,5,3,liestal,5,Spring,17.67741935,29.7,8.780645161,5.3,13.22903226,48.16129032
47.4814,7.730519,2010,2010-04-08,98,5,5,3,liestal,6,Summer,24.41,32.8,13.08,7.4,18.745,18.5
47.4814,7.730519,2010,2010-04-08,98,5,5,3,liestal,7,Summer,28.87096774,36.4,16.08709677,10.6,22.47903226,21.64516129
47.4814,7.730519,2010,2010-04-08,98,5,5,3,liestal,8,Summer,23.95806452,31.7,13.63548387,9,18.79677419,57.19354839
47.4814,7.730519,2010,2010-04-08,98,5,5,3,liestal,9,Fall,20.42333333,25.3,9.263333333,4,14.84333333,18.2
47.4814,7.730519,2010,2010-04-08,98,5,5,3,liestal,10,Fall,14.66774194,24.3,6.296774194,-0.6,10.48225806,16.19354839
47.4814,7.730519,2010,2010-04-08,98,5,5,3,liestal,11,Fall,9.6,19.6,3.7,-6.5,6.65,26.43333333
47.4814,7.730519,2011,2011-03-31,90,3,5,5,liestal,0,Winter,2.729032258,13.8,-2.216129032,-11.1,0.2564516129,46.77419355
47.4814,7.730519,2011,2011-03-31,90,3,5,5,liestal,1,Winter,5.212903226,13,-0.2193548387,-6.3,2.496774194,25.35483871
47.4814,7.730519,2011,2011-03-31,90,3,5,5,liestal,2,Winter,8.225,16.1,0.5071428571,-5.9,4.366071429,9.142857143
47.4814,7.730519,2011,2011-03-31,90,3,5,5,liestal,3,Spring,13.74516129,22,2.248387097,-3.2,7.996774194,13.64516129
47.4814,7.730519,2011,2011-03-31,90,3,5,5,liestal,4,Spring,21.69,27.7,6.166666667,0.7,13.92833333,8
47.4814,7.730519,2011,2011-03-31,90,3,5,5,liestal,5,Spring,24.76451613,32.3,9.687096774,2.5,17.22580645,12.64516129
47.4814,7.730519,2011,2011-03-31,90,3,5,5,liestal,6,Summer,24.76,35.2,12.90333333,7.5,18.83166667,36.73333333
47.4814,7.730519,2011,2011-03-31,90,3,5,5,liestal,7,Summer,24.41612903,33.8,12.48709677,8.1,18.4516129,44.35483871
47.4814,7.730519,2011,2011-03-31,90,3,5,5,liestal,8,Summer,27.73548387,36.7,14.89354839,9.2,21.31451613,14.74193548
47.4814,7.730519,2011,2011-03-31,90,3,5,5,liestal,9,Fall,24.70666667,33,12.5,7.2,18.60333333,23.96666667
47.4814,7.730519,2011,2011-03-31,90,3,5,5,liestal,10,Fall,16.49354839,26.3,7.35483871,0.5,11.92419355,20.83870968
47.4814,7.730519,2011,2011-03-31,90,3,5,5,liestal,11,Fall,9.936666667,15.9,4.013333333,-0.2,6.975,0.7666666667
47.4814,7.730519,2012,2012-04-02,93,4,3,5,liestal,0,Winter,8.3,14.2,1.980645161,-2.6,5.140322581,56.61290323
47.4814,7.730519,2012,2012-04-02,93,4,3,5,liestal,1,Winter,7.019354839,13.8,1.332258065,-4.9,4.175806452,30.29032258
47.4814,7.730519,2012,2012-04-02,93,4,3,5,liestal,2,Winter,2.965517241,17.3,-5.813793103,-16.4,-1.424137931,9.482758621
47.4814,7.730519,2012,2012-04-02,93,4,3,5,liestal,3,Spring,16.57096774,23,2.283870968,-2.2,9.427419355,5.322580645
47.4814,7.730519,2012,2012-04-02,93,4,3,5,liestal,4,Spring,15.20666667,30.9,5.586666667,-0.1,10.39666667,37.76666667
47.4814,7.730519,2012,2012-04-02,93,4,3,5,liestal,5,Spring,22.46774194,32.5,9.816129032,2.6,16.14193548,20.38709677
47.4814,7.730519,2012,2012-04-02,93,4,3,5,liestal,6,Summer,24.61,34.8,13.81333333,9.6,19.21166667,51.76666667
47.4814,7.730519,2012,2012-04-02,93,4,3,5,liestal,7,Summer,25.30967742,35.2,14.29032258,10,19.8,51.5483871
47.4814,7.730519,2012,2012-04-02,93,4,3,5,liestal,8,Summer,27.48064516,35.1,15.46774194,10.6,21.47419355,36.32258065
47.4814,7.730519,2012,2012-04-02,93,4,3,5,liestal,9,Fall,21.37333333,30.5,10.72333333,4.8,16.04833333,26.8
47.4814,7.730519,2012,2012-04-02,93,4,3,5,liestal,10,Fall,15.63870968,23.5,7.638709677,0.4,11.63870968,28.06451613
47.4814,7.730519,2012,2012-04-02,93,4,3,5,liestal,11,Fall,10.31666667,20.1,4.67,-2.3,7.493333333,53.13333333
47.4814,7.730519,2013,2013-04-17,107,7,4,3,liestal,0,Winter,6.187096774,15.1,0.8451612903,-6,3.516129032,47.51612903
47.4814,7.730519,2013,2013-04-17,107,7,4,3,liestal,1,Winter,4.45483871,16.7,-0.2258064516,-5.2,2.114516129,16.90322581
47.4814,7.730519,2013,2013-04-17,107,7,4,3,liestal,2,Winter,3.835714286,11.7,-2.55,-9.8,0.6428571429,33.28571429
47.4814,7.730519,2013,2013-04-17,107,7,4,3,liestal,3,Spring,8.093548387,16.2,0.9161290323,-4.1,4.50483871,19.25806452
47.4814,7.730519,2013,2013-04-17,107,7,4,3,liestal,4,Spring,15.66666667,26,5.993333333,-0.3,10.83,30.63333333
47.4814,7.730519,2013,2013-04-17,107,7,4,3,liestal,5,Spring,17.45483871,25.1,8.419354839,4.4,12.93709677,39.32258065
47.4814,7.730519,2013,2013-04-17,107,7,4,3,liestal,6,Summer,24.17666667,35,12.56,5.3,18.36833333,27.03333333
47.4814,7.730519,2013,2013-04-17,107,7,4,3,liestal,7,Summer,29.30322581,38.6,16.02580645,10.3,22.66451613,33.96774194
47.4814,7.730519,2013,2013-04-17,107,7,4,3,liestal,8,Summer,26.64193548,36.5,14.27096774,10.2,20.45645161,18.70967742
47.4814,7.730519,2013,2013-04-17,107,7,4,3,liestal,9,Fall,21.72666667,31.8,11.7,7.6,16.71333333,37.43333333
47.4814,7.730519,2013,2013-04-17,107,7,4,3,liestal,10,Fall,17.04193548,25.5,9.603225806,1.7,13.32258065,32.67741935
47.4814,7.730519,2013,2013-04-17,107,7,4,3,liestal,11,Fall,8.256666667,18.4,2.836666667,-5.1,5.546666667,39.56666667
47.4814,7.730519,2014,2014-03-25,84,2,7,4,liestal,0,Winter,6.725806452,15.7,0.3516129032,-3.2,3.538709677,25.93548387
47.4814,7.730519,2014,2014-03-25,84,2,7,4,liestal,1,Winter,7.525806452,13.6,1.748387097,-3.3,4.637096774,22.77419355
47.4814,7.730519,2014,2014-03-25,84,2,7,4,liestal,2,Winter,9.9,14.7,1.921428571,0.1,5.910714286,25.53571429
47.4814,7.730519,2014,2014-03-25,84,2,7,4,liestal,3,Spring,15.63870968,23,2.206451613,-1.1,8.922580645,5.225806452
47.4814,7.730519,2014,2014-03-25,84,2,7,4,liestal,4,Spring,18.40333333,24.5,7.17,0.5,12.78666667,25.93333333
47.4814,7.730519,2014,2014-03-25,84,2,7,4,liestal,5,Spring,20.27741935,28.1,9.032258065,2.9,14.65483871,26
47.4814,7.730519,2014,2014-03-25,84,2,7,4,liestal,6,Summer,26.82333333,36.7,13.24333333,8.1,20.03333333,20.8
47.4814,7.730519,2014,2014-03-25,84,2,7,4,liestal,7,Summer,25.29354839,34.1,15.13548387,10,20.21451613,65.22580645
47.4814,7.730519,2014,2014-03-25,84,2,7,4,liestal,8,Summer,23.43225806,29.2,13.43548387,8.9,18.43387097,41.03225806
47.4814,7.730519,2014,2014-03-25,84,2,7,4,liestal,9,Fall,23.07333333,28.6,12.34666667,5.3,17.71,15.9
47.4814,7.730519,2014,2014-03-25,84,2,7,4,liestal,10,Fall,18.64516129,24.3,10.4483871,4,14.54677419,30.93548387
47.4814,7.730519,2014,2014-03-25,84,2,7,4,liestal,11,Fall,11.22,15.4,5.963333333,2.6,8.591666667,32.13333333
47.4814,7.730519,2015,2015-04-11,101,6,2,7,liestal,0,Winter,6.819354839,13.1,1.54516129,-11.9,4.182258065,23.83870968
47.4814,7.730519,2016,2016-04-06,97,5,2,7,liestal,7,Summer,26.72580645,34.6,14.02903226,7,20.37741935,14.96774194
47.4814,7.730519,2016,2016-04-06,97,5,2,7,liestal,8,Summer,26.87741935,34.8,13.58064516,8,20.22903226,32
47.4814,7.730519,2016,2016-04-06,97,5,2,7,liestal,9,Fall,24.24333333,30.7,11.53,6.1,17.88666667,13.13333333
47.4814,7.730519,2016,2016-04-06,97,5,2,7,liestal,10,Fall,14.17741935,18.7,5.480645161,1.5,9.829032258,18.67741935
47.4814,7.730519,2016,2016-04-06,97,5,2,7,liestal,11,Fall,9.376666667,16.5,2.573333333,-3.3,5.975,21.16666667
47.4814,7.730519,2017,2017-03-26,85,2,2,7,liestal,0,Winter,5.161290323,10.6,-1.75483871,-5.6,1.703225806,1.225806452
47.4814,7.730519,2017,2017-03-26,85,2,2,7,liestal,1,Winter,0.9,9.5,-4.577419355,-11.9,-1.838709677,24.96774194
47.4814,7.730519,2017,2017-03-26,85,2,2,7,liestal,2,Winter,9.971428571,20.3,1.296428571,-1.7,5.633928571,20.07142857
47.4814,7.730519,2017,2017-03-26,85,2,2,7,liestal,3,Spring,15.50322581,22.7,3.564516129,-1,9.533870968,23.32258065
47.4814,7.730519,2017,2017-03-26,85,2,2,7,liestal,4,Spring,16,24.7,2.946666667,-3.3,9.473333333,18.63333333
47.4814,7.730519,2017,2017-03-26,85,2,2,7,liestal,5,Spring,22.07096774,32.2,9.351612903,1.6,15.71129032,45.29032258
47.4814,7.730519,2017,2017-03-26,85,2,6,2,liestal,6,Summer,27.15333333,35.2,14,6.6,20.57666667,16.66666667
47.4814,7.730519,2017,2017-03-26,85,2,5,2,liestal,7,Summer,27.15483871,35,14.88064516,10.8,21.01774194,34.80645161
47.4814,7.730519,2017,2017-03-26,85,2,5,2,liestal,8,Summer,26.77096774,32,14.59354839,9.9,20.68225806,32.19354839
47.4814,7.730519,2017,2017-03-26,85,2,5,2,liestal,9,Fall,20.00666667,26.8,8.956666667,4.2,14.48166667,15.7
47.4814,7.730519,2017,2017-03-26,85,2,5,2,liestal,10,Fall,17.96774194,25.3,6.3,-1.3,12.13387097,16.32258065
47.4814,7.730519,2017,2017-03-26,85,2,5,2,liestal,11,Fall,9.386666667,18,2.1,-3.3,5.743333333,52.1
47.4814,7.730519,2018,2018-04-08,98,5,2,2,liestal,0,Winter,6.083870968,16.1,0.3483870968,-5.1,3.216129032,27.90322581
47.4814,7.730519,2018,2018-04-08,98,5,2,2,liestal,1,Winter,9.541935484,16.2,3.167741935,-2.2,6.35483871,39.58064516
47.4814,7.730519,2018,2018-04-08,98,5,2,2,liestal,2,Winter,3.017857143,7.9,-1.825,-11.6,0.5964285714,14.42857143
47.4814,7.730519,2018,2018-04-08,98,5,2,2,liestal,3,Spring,9.696774194,15.5,0.7935483871,-5.9,5.24516129,16.41935484
47.4814,7.730519,2018,2018-04-08,98,5,2,2,liestal,4,Spring,21.45,28.9,6.393333333,-0.5,13.92166667,6.4
47.4814,7.730519,2018,2018-04-08,98,5,2,2,liestal,5,Spring,22.34193548,29.2,10.85483871,6.4,16.5983871,45.16129032
47.4814,7.730519,2018,2018-04-08,98,5,2,6,liestal,6,Summer,25.63333333,32.2,13.46666667,6.4,19.55,16.1
47.4814,7.730519,2018,2018-04-08,98,5,2,5,liestal,7,Summer,29.3483871,35.9,14.71935484,8.9,22.03387097,21.22580645
47.4814,7.730519,2018,2018-04-08,98,5,2,5,liestal,8,Summer,28.95806452,35.8,14.98064516,8.4,21.96935484,29.77419355
47.4814,7.730519,2018,2018-04-08,98,5,2,5,liestal,9,Fall,24.73333333,31.2,10.22333333,2.4,17.47833333,12.1
47.4814,7.730519,2018,2018-04-08,98,5,2,5,liestal,10,Fall,18.36129032,25.4,5.835483871,0.2,12.0983871,13.35483871
47.4814,7.730519,2018,2018-04-08,98,5,2,5,liestal,11,Fall,9.663333333,16.9,3.283333333,-3,6.473333333,9.4
47.4814,7.730519,2019,2019-03-27,86,2,5,2,liestal,0,Winter,7.819354839,16.3,2.648387097,-5,5.233870968,37.48387097
47.4814,7.730519,2019,2019-03-27,86,2,5,2,liestal,1,Winter,4.367741935,11,-1.193548387,-5.7,1.587096774,16.12903226
47.4814,7.730519,2019,2019-03-27,86,2,5,2,liestal,2,Winter,11.53214286,20.1,-0.6178571429,-4.7,5.457142857,7.25
47.4814,7.730519,2019,2019-03-27,86,2,5,2,liestal,3,Spring,14.22258065,20.8,2.070967742,-3.1,8.146774194,15.29032258
47.4814,7.730519,2019,2019-03-27,86,2,5,2,liestal,4,Spring,16.19666667,26.5,4.133333333,-0.5,10.165,22.56666667
47.4814,7.730519,2019,2019-03-27,86,2,5,2,liestal,5,Spring,17.82580645,24.8,6.190322581,-1.1,12.00806452,24.19354839
47.4814,7.730519,2019,2019-03-27,86,2,5,2,liestal,6,Summer,27.08,37.2,13.38666667,7,20.23333333,25.06666667
47.4814,7.730519,2019,2019-03-27,86,2,5,2,liestal,7,Summer,28.69032258,37.9,14.67096774,9.3,21.68064516,24
47.4814,7.730519,2019,2019-03-27,86,2,5,2,liestal,8,Summer,26.91612903,35.1,13.86129032,8.8,20.38870968,35.87096774
47.4814,7.730519,2019,2019-03-27,86,2,5,2,liestal,9,Fall,22.71333333,30.4,9.856666667,3.9,16.285,18
47.4814,7.730519,2019,2019-03-27,86,2,5,2,liestal,10,Fall,17.21290323,24.2,8.467741935,4.8,12.84032258,40.03225806
47.4814,7.730519,2019,2019-03-27,86,2,5,2,liestal,11,Fall,9.683333333,18.1,3.253333333,-1.2,6.468333333,23.23333333
47.4814,7.730519,2020,2020-03-17,77,0,2,5,liestal,0,Winter,7.95483871,16.3,1.212903226,-4.7,4.583870968,26.03225806
47.4814,7.730519,2020,2020-03-17,77,0,2,5,liestal,1,Winter,7.322580645,15.2,-0.1903225806,-4.2,3.566129032,7.870967742
47.4814,7.730519,2020,2020-03-17,77,0,2,5,liestal,2,Winter,12.80344828,18.8,2.417241379,-3,7.610344828,29.10344828
47.4814,7.730519,2020,2020-03-17,77,0,2,5,liestal,3,Spring,12.8516129,21.2,1.467741935,-4.3,7.159677419,25.06451613
47.4814,7.730519,2020,2020-03-17,77,0,2,5,liestal,4,Spring,21.17,25.7,4.813333333,-3.8,12.99166667,9.9
47.4814,7.730519,2020,2020-03-17,77,0,2,5,liestal,5,Spring,21.10967742,28.9,7.458064516,2.5,14.28387097,22.90322581
47.4814,7.730519,2020,2020-03-17,77,0,2,5,liestal,6,Summer,24.1,30.6,11.87666667,6.9,17.98833333,32.4
47.4814,7.730519,2020,2020-03-17,77,0,2,5,liestal,7,Summer,28.38709677,38.5,13.10322581,7.7,20.74516129,3.516129032
47.4814,7.730519,2020,2020-03-17,77,0,2,5,liestal,8,Summer,27.61935484,35.4,14.81935484,10,21.21935484,42.12903226
47.4814,7.730519,2020,2020-03-17,77,0,2,5,liestal,9,Fall,23.69666667,32,11.33333333,5.7,17.515,20.86666667
47.4814,7.730519,2020,2020-03-17,77,0,2,5,liestal,10,Fall,14.81935484,19.5,7.238709677,2.9,11.02903226,34.25806452
47.4814,7.730519,2020,2020-03-17,77,0,2,5,liestal,11,Fall,10.84666667,21.6,3.786666667,-3.3,7.316666667,9.533333333
47.4814,7.730519,2021,2021-03-28,87,2,0,2,liestal,0,Winter,6.619354839,16.4,1.335483871,-4.7,3.977419355,29.16129032
47.4814,7.730519,2021,2021-03-28,87,2,0,2,liestal,1,Winter,4.751612903,13.6,-0.9322580645,-6.5,1.909677419,56.19354839
47.4814,7.730519,2021,2021-03-28,87,2,0,2,liestal,2,Winter,10.16428571,21.4,0.9142857143,-9.7,5.539285714,16.21428571
47.4814,7.730519,2021,2021-03-28,87,2,0,2,liestal,3,Spring,12.4516129,25.6,0.7806451613,-3.6,6.616129032,22.70967742
47.4814,7.730519,2021,2021-03-28,87,2,0,2,liestal,4,Spring,15.06,25.6,1.11,-2.9,8.085,9.4
47.4814,7.730519,2021,2021-03-28,87,2,0,2,liestal,5,Spring,17.22580645,28.1,6.735483871,2.3,11.98064516,54.83870968
47.4814,7.730519,2021,2021-03-28,87,2,0,2,liestal,6,Summer,26.22,32.5,13.97,7.1,20.095,51.23333333
47.4814,7.730519,2021,2021-03-28,87,2,0,2,liestal,7,Summer,24.56129032,30.1,14.1,10.7,19.33064516,86.70967742
47.4814,7.730519,2021,2021-03-28,87,2,0,2,liestal,8,Summer,23.5,32.3,13.04516129,8.2,18.27258065,14.25806452
47.4814,7.730519,2021,2021-03-28,87,2,0,2,liestal,9,Fall,23.49333333,28.2,11.01333333,5.1,17.25333333,15.26666667
47.4814,7.730519,2021,2021-03-28,87,2,0,2,liestal,10,Fall,16.37741935,23.3,5.448387097,0,10.91290323,15.16129032
47.4814,7.730519,2021,2021-03-28,87,2,0,2,liestal,11,Fall,7.703333333,13,2.24,-1.8,4.971666667,15.8
47.4814,7.730519,2022,2022-03-26,85,2,2,0,liestal,0,Winter,6.764516129,15.9,0.935483871,-4.8,3.85,35.12903226