location,year,month,season,tmax_avg,tmax_max,tmin_avg,tmin_min,gdd_avg,prcp_avg,lat,long,alt
vancouver,1977,7,Summer,20.71483871,25,11.48387097,8,16.09935484,40.97419355,49.2237,-123.1636,24
vancouver,1977,8,Summer,23.46774194,31,13.32258065,8,18.39516129,56.5483871,49.2237,-123.1636,24
vancouver,1977,9,Fall,17.536,21.13,9.1,5,13.318,58.35,49.2237,-123.1636,24
vancouver,1977,10,Fall,14.38612903,22.25,5.096774194,1,9.741451613,37.89354839,49.2237,-123.1636,24
vancouver,1977,11,Fall,9.938,21.53,1.1,-8,5.519,72.20888889,49.2237,-123.1636,24
vancouver,1978,0,Winter,8.218387097,16.09,-0.8790322581,-6,3.669677419,61.53870968,49.2237,-123.1636,24
vancouver,1978,1,Winter,7.818064516,19.24,0.344516129,-8,4.081290323,46.08387097,49.2237,-123.1636,24
vancouver,1978,2,Winter,11.50892857,24.32,1.214285714,-3,6.361607143,41.61785714,49.2237,-123.1636,24
vancouver,1978,3,Spring,11.41322581,21.52,2.870967742,-3,7.142096774,43.03870968,49.2237,-123.1636,24
vancouver,1978,4,Spring,15.23,27.66,4.625,1,9.9275,48.51666667,49.2237,-123.1636,24
vancouver,1978,5,Spring,15.83645161,27.66,6.64516129,4,11.24080645,43.91290323,49.2237,-123.1636,24
vancouver,1978,6,Summer,20.90233333,26,11.33333333,9,16.11783333,51.36,49.2237,-123.1636,24
vancouver,1978,7,Summer,23.35322581,29,12.45612903,9,17.90467742,46.55806452,49.2237,-123.1636,24
vancouver,1978,8,Summer,22.02903226,30,12.29032258,10,17.15967742,62.06451613,49.2237,-123.1636,24
vancouver,1978,9,Fall,18.645,31.23,9.833333333,6,14.23916667,40.94666667,49.2237,-123.1636,24
vancouver,1978,10,Fall,15.4783871,24.03,5.603548387,1,10.54096774,37.24193548,49.2237,-123.1636,24
vancouver,1978,11,Fall,8.418,22.54,-0.3333333333,-7,4.042333333,63.53666667,49.2237,-123.1636,24
vancouver,1979,0,Winter,6.69516129,19.24,-1.741935484,-14,2.476612903,44.87132616,49.2237,-123.1636,24
vancouver,1979,1,Winter,5.228064516,19.24,-4.061290323,-14,0.5833870968,30.93709522,49.2237,-123.1636,24
vancouver,1979,2,Winter,9.134642857,31.18,-0.2932142857,-7,4.420714286,69.27142857,49.2237,-123.1636,24
vancouver,1979,3,Spring,12.3516129,24.33,1.967741935,-1,7.159677419,11.46451613,49.2237,-123.1636,24
vancouver,1979,4,Spring,14.812,31.23,3.995333333,0,9.403666667,24.55666667,49.2237,-123.1636,24
vancouver,1979,5,Spring,17.1,22.8,7.443225806,0.63,12.2716129,23.42903226,49.2237,-123.1636,24
vancouver,1979,6,Summer,19.475,32.76,9.749666667,7,14.61233333,12.64333333,49.2237,-123.1636,24
vancouver,1979,7,Summer,23.52935484,33.29,12.04806452,8,17.78870968,11.85806452,49.2237,-123.1636,24
vancouver,1979,8,Summer,22.65252292,32.76,11.99333921,8.081757746,17.32293106,24.22231409,49.2237,-123.1636,24
vancouver,1979,9,Fall,20.68080351,33.29,11.04239192,8,15.86159772,36.48319561,49.2237,-123.1636,24
vancouver,1979,10,Fall,14.70032258,24.32,6.8,-0.5,10.75016129,26.6516129,49.2237,-123.1636,24
vancouver,1979,11,Fall,9.638,17.65,0.6823333333,-4,5.160166667,26.82333333,49.2237,-123.1636,24
vancouver,1980,0,Winter,10.38516129,24.33,2.71483871,-2,6.55,79.41935484,49.2237,-123.1636,24
vancouver,1980,1,Winter,6.793870968,28.59,-3.200645161,-11,1.796612903,30.30537634,49.2237,-123.1636,24
vancouver,1980,2,Winter,9.789655172,20.36,2.141724138,-3,5.965689655,47.14482759,49.2237,-123.1636,24
vancouver,1980,3,Spring,10.71935484,31.31,2.100645161,-3,6.41,26.30322581,49.2237,-123.1636,24
vancouver,1980,4,Spring,15.88813684,31.23,4.670725258,1,10.27943105,29.59986228,49.2237,-123.1636,24
vancouver,1980,5,Spring,17.02580645,22,7.579032258,4,12.30241935,18.36774194,49.2237,-123.1636,24
vancouver,1980,6,Summer,19.395,33.29,9.754333333,0.63,14.57466667,38.24333333,49.2237,-123.1636,24
vancouver,1980,7,Summer,21.29096774,32.76,11.52903226,5.67,16.41,16.83225806,49.2237,-123.1636,24
vancouver,1980,8,Summer,20.19548387,26,11.62387097,5.67,15.90967742,14.80322581,49.2237,-123.1636,24
vancouver,1980,9,Fall,18.91066667,32.76,9.675666667,5.6,14.29316667,35.06666667,49.2237,-123.1636,24
vancouver,1980,10,Fall,17.71258065,31.31,5.499032258,1,11.60580645,23.01290323,49.2237,-123.1636,24
vancouver,1980,11,Fall,11.94366667,24.33,4.019666667,-2,7.981666667,49.56333333,49.2237,-123.1636,24
vancouver,1981,0,Winter,10.29419355,28.73,2.411935484,-12,6.353064516,37.96129032,49.2237,-123.1636,24
vancouver,1981,1,Winter,10.71967742,24.33,1.881290323,-1,6.300483871,19.56451613,49.2237,-123.1636,24
vancouver,1981,2,Winter,10.37892857,31.31,1.178214286,-8,5.778571429,36.65714286,49.2237,-123.1636,24
vancouver,1981,3,Spring,13.08290323,19.87,2.821612903,0,7.952258065,45.25806452,49.2237,-123.1636,24
vancouver,1981,4,Spring,13.8,31.31,4.044,0,8.922,47.18,49.2237,-123.1636,24
vancouver,1981,5,Spring,17.33354839,32.76,7.967741935,4,12.65064516,30.07096774,49.2237,-123.1636,24
vancouver,1981,6,Summer,17.945,22,9.633333333,6,13.78916667,30.17333333,49.2237,-123.1636,24
vancouver,1981,7,Summer,21.64709677,33.29,13,10,17.32354839,27.72580645,49.2237,-123.1636,24
vancouver,1981,8,Summer,23.59290323,33.29,13.87096774,10,18.73193548,10.99677419,49.2237,-123.1636,24
vancouver,1981,9,Fall,21.66366667,33.29,10.33333333,6,15.9985,24.13666667,49.2237,-123.1636,24
vancouver,1981,10,Fall,13.68580645,22.8,5.516129032,1,9.600967742,39.22580645,49.2237,-123.1636,24
vancouver,1981,11,Fall,12.47233333,19.51,3.855,-1,8.163666667,52.36333333,49.2237,-123.1636,24
vancouver,1982,0,Winter,8.567096774,19.29,0.6990322581,-4,4.633064516,62.46129032,49.2237,-123.1636,24
vancouver,1982,1,Winter,9.087309447,27.78,-0.4767741935,-11.9,4.305267627,116.6774194,49.2237,-123.1636,24
vancouver,1982,2,Winter,10.96656746,23.42,0.7,-5.2,5.83328373,80,49.2237,-123.1636,24
vancouver,1982,3,Spring,11.00451613,29.25,1.000322581,-1.6,6.002419355,22.95806452,49.2237,-123.1636,24
vancouver,1982,4,Spring,14.19066667,27.43,2.592,0.1,8.391333333,34.79333333,49.2237,-123.1636,24
vancouver,1982,5,Spring,18.18387097,34.47,6.957096774,3.8,12.57048387,14.00322581,49.2237,-123.1636,24
vancouver,1982,6,Summer,21.54877778,33.62,11.65666667,8.3,16.60272222,21.23333333,49.2237,-123.1636,24
vancouver,1982,7,Summer,21.02354839,33.48,11.88935484,4.83,16.45645161,26.60967742,49.2237,-123.1636,24
vancouver,1982,8,Summer,20.80887097,33.29,11.71967742,5.67,16.26427419,21.640553,49.2237,-123.1636,24
vancouver,1982,9,Fall,20.443,35.23,9.930666667,3.6,15.18683333,21.00333333,49.2237,-123.1636,24
vancouver,1982,10,Fall,16.05107015,34.61,5.755376344,-0.2,10.90322325,72.53870968,49.2237,-123.1636,24
vancouver,1982,11,Fall,11.30351146,25.06,-0.1266666667,-5.7,5.588422395,56.73333333,49.2237,-123.1636,24
vancouver,1983,0,Winter,9.175241935,22.3,1.549677419,-5.4,5.362459677,51.09677419,49.2237,-123.1636,24
vancouver,1983,1,Winter,13.20526357,33.66,2.403005802,-5.4,7.804134685,60.90967742,49.2237,-123.1636,24
vancouver,1983,2,Winter,12.01965986,20.4,2.427142857,-3.6,7.223401361,90.55,49.2237,-123.1636,24
vancouver,1983,3,Spring,14.22343786,26.74,3.899032258,-0.6,9.061235057,54.08387097,49.2237,-123.1636,24
vancouver,1983,4,Spring,17.47569525,33.79,4.509,1.9,10.99234762,51.66333333,49.2237,-123.1636,24
vancouver,1983,5,Spring,19.64645161,33.48,8.565806452,5,14.10612903,14.64516129,49.2237,-123.1636,24
vancouver,1983,6,Summer,21.00183333,33.62,10.40166667,5.67,15.70175,23.29666667,49.2237,-123.1636,24
vancouver,1983,7,Summer,21.57774194,33.62,11.71806452,7.73,16.64790323,30.16451613,49.2237,-123.1636,24
vancouver,1983,8,Summer,21.10967742,33.29,12.52193548,5.67,16.81580645,9.364516129,49.2237,-123.1636,24
vancouver,1983,9,Fall,18.14466667,26.88,8.81,3.6,13.47733333,28.54666667,49.2237,-123.1636,24
vancouver,1983,10,Fall,14.10946237,18.09,5.004193548,1.7,9.556827957,32.29032258,49.2237,-123.1636,24
vancouver,1983,11,Fall,12.12547818,19.5,5.137333333,-2.5,8.631405758,119.9433333,49.2237,-123.1636,24
vancouver,1984,0,Winter,8.482473118,33.35,-2.57,-13.2,2.956236559,32.6483871,49.2237,-123.1636,24
vancouver,1984,1,Winter,10.96942181,28.6,1.598387097,-6.7,6.283904453,77.48387097,49.2237,-123.1636,24
vancouver,1984,2,Winter,13.0470936,29.25,2.311034483,-1.4,7.679064039,62.15517241,49.2237,-123.1636,24
vancouver,1984,3,Spring,13.86451613,31.31,4.001612903,0.2,8.933064516,46.33870968,49.2237,-123.1636,24
vancouver,1984,4,Spring,15.69021907,33.79,4.085333333,0.9,9.887776203,39.04333333,49.2237,-123.1636,24
vancouver,1984,5,Spring,16.81314516,31.23,6.908387097,4.8,11.86076613,47.81935484,49.2237,-123.1636,24
vancouver,1984,6,Summer,18.517,25.4,10.35333333,7.4,14.43516667,33.12333333,49.2237,-123.1636,24
vancouver,1984,7,Summer,21.09290323,33.29,11.74903226,3.42,16.42096774,10.02258065,49.2237,-123.1636,24
vancouver,1984,8,Summer,21.4556163,33.41,12.12941154,8.081757746,16.79251392,7.567608658,49.2237,-123.1636,24
vancouver,1984,9,Fall,18.302,33.79,8.814444444,4.4,13.55822222,17.60666667,49.2237,-123.1636,24
vancouver,1984,10,Fall,14.05741935,25.44,5.746129032,0.2,9.901774194,48.32258065,49.2237,-123.1636,24
vancouver,1984,11,Fall,11.29486111,20.86,2.076857143,-5.9,6.685859127,76.63666667,49.2237,-123.1636,24
vancouver,1985,0,Winter,8.207050691,26.72,-1.803225806,-11.3,3.201912442,59.65376344,49.2237,-123.1636,24
vancouver,1985,1,Winter,10.18231881,35.17,-2.168007815,-11.3,4.007155496,15.42106488,49.2237,-123.1636,24
vancouver,1985,2,Winter,9.423571429,22.08,-0.7292857143,-6.7,4.347142857,41.01071429,49.2237,-123.1636,24
vancouver,1985,3,Spring,12.58062398,28.53,1.808443798,-2.4,7.194533889,31.96438285,49.2237,-123.1636,24
vancouver,1985,4,Spring,13.788,21.33,4.578333333,0.6,9.183166667,37.62,49.2237,-123.1636,24
vancouver,1985,5,Spring,17.69874552,34.61,7.116129032,2.7,12.40743728,22.17096774,49.2237,-123.1636,24
vancouver,1985,6,Summer,19.15316667,28.47,9.73,7.1,14.44158333,18.52,49.2237,-123.1636,24
vancouver,1985,7,Summer,24.38193548,33.29,12.71903226,-3.69,18.55048387,16.53548387,49.2237,-123.1636,24
vancouver,1985,8,Summer,21.83182796,27.8,11.49645161,8.14,16.66413978,16.32903226,49.2237,-123.1636,24
vancouver,1985,9,Fall,18.49292593,30.69,8.513333333,4,13.50312963,25.08,49.2237,-123.1636,24
vancouver,1985,10,Fall,14.97413978,25.14,5.727096774,-0.5,10.35061828,61.11935484,49.2237,-123.1636,24
vancouver,1985,11,Fall,7.625380952,20.67,-3.421,-14.3,2.102190476,33.59127274,49.2237,-123.1636,24
vancouver,1986,0,Winter,10.38967742,32.66,-1.631935484,-12.5,4.378870968,20.20048745,49.2237,-123.1636,24
vancouver,1986,1,Winter,11.86816564,24.97777778,2.104435484,-2.4,6.986300563,83.3,49.2237,-123.1636,24
vancouver,1986,2,Winter,9.814285714,28.77,-0.425,-10.4,4.694642857,50.16309524,49.2237,-123.1636,24
vancouver,1986,3,Spring,15.11677419,31.23,3.451612903,-0.2,9.284193548,36.02580645,49.2237,-123.1636,24
vancouver,1986,4,Spring,16.28670856,31.31,3.913333333,-0.1,10.10002095,38.33333333,49.2237,-123.1636,24
vancouver,1986,5,Spring,16.84182796,31.23,7.405483871,-0.1,12.12365591,38.50967742,49.2237,-123.1636,24
vancouver,1986,6,Summer,20.85733333,30.69,10.498,2.54,15.67766667,14.24333333,49.2237,-123.1636,24
vancouver,1986,7,Summer,19.73572383,28.82,10.98134702,4.18,15.35853542,19.09664092,49.2237,-123.1636,24
vancouver,1986,8,Summer,23.26419355,33.18,13.6516129,10.9,18.45790323,2.451612903,49.2237,-123.1636,24
vancouver,1986,9,Fall,19.75744444,28.09,9.673333333,6,14.71538889,34.06333333,49.2237,-123.1636,24
vancouver,1986,10,Fall,14.91967742,23.27,5.822580645,2.3,10.37112903,21.75806452,49.2237,-123.1636,24
vancouver,1986,11,Fall,12.43379022,22.85,3.228666667,-2.3,7.831228445,65.46666667,49.2237,-123.1636,24
vancouver,1987,0,Winter,10.85121352,23.45,1.946344086,-4,6.398778802,65.57419355,49.2237,-123.1636,24
vancouver,1987,1,Winter,11.24774824,24.1,1.416508314,-4.4,6.332128276,51.83166396,49.2237,-123.1636,24
vancouver,1987,2,Winter,12.57479592,20.66,2.553214286,-2,7.564005102,26.71428571,49.2237,-123.1636,24
vancouver,1987,3,Spring,14.41623656,32.38,3.689539171,-2,9.052887865,58.67096774,49.2237,-123.1636,24
vancouver,1987,4,Spring,19.12833333,34.47,5.313,2.7,12.22066667,25.75,49.2237,-123.1636,24
vancouver,1987,5,Spring,17.32451613,33.62,8.233548387,5.9,12.77903226,36.22580645,49.2237,-123.1636,24
vancouver,1987,6,Summer,19.94766667,32.47,10.39333333,5.67,15.1705,11.29,49.2237,-123.1636,24
vancouver,1987,7,Summer,20.69787436,33.29,12.62586315,5.67,16.66186876,26.19377353,49.2237,-123.1636,24
vancouver,1987,8,Summer,21.35980985,33.48,12.08457283,5.67,16.72219134,16.07083446,49.2237,-123.1636,24
vancouver,1987,9,Fall,20.05655556,33.41,10.537,4.61,15.29677778,14.74333333,49.2237,-123.1636,24
vancouver,1987,10,Fall,17.39451613,31.31,6.11,0.63,11.75225806,14.80564516,49.2237,-123.1636,24
vancouver,1987,11,Fall,12.779,18.93,5.074666667,-1.7,8.926833333,55.85333333,49.2237,-123.1636,24
vancouver,1988,0,Winter,10.06387097,23.92,0.8228136201,-4.1,5.443342294,58.96612903,49.2237,-123.1636,24
vancouver,1988,1,Winter,10.1988421,29.25,0.2548313578,-6.5,5.226836731,34.08803877,49.2237,-123.1636,24
vancouver,1988,2,Winter,12.51406614,31.84,1.557586207,-8,7.035826171,30.62413793,49.2237,-123.1636,24
vancouver,1988,3,Spring,13.09236712,30.32,3.225483871,-1.6,8.158925495,53.51290323,49.2237,-123.1636,24
vancouver,1988,4,Spring,16.08666667,29.98,5.393666667,1.2,10.74016667,35.59666667,49.2237,-123.1636,24
vancouver,1988,5,Spring,18.07456791,34.61,7.527476056,3.9,12.80102198,55.82889898,49.2237,-123.1636,24
vancouver,1988,6,Summer,19.16933333,25.4,9.804666667,4.82,14.487,17.75,49.2237,-123.1636,24
vancouver,1988,7,Summer,21.46,33.41,11.92322581,7.26,16.6916129,7.387096774,49.2237,-123.1636,24
vancouver,1988,8,Summer,22.0983871,33.29,12.33387097,5.67,17.21612903,8.967741935,49.2237,-123.1636,24
vancouver,1988,9,Fall,18.056,30.69,9.386666667,5.7,13.72133333,31.00666667,49.2237,-123.1636,24
vancouver,1988,10,Fall,16.94532258,30.69,7.369758065,1.2,12.15754032,39.94516129,49.2237,-123.1636,24
vancouver,1988,11,Fall,12.53707464,24.52,4.172333333,-0.1,8.354703989,77.46666667,49.2237,-123.1636,24
vancouver,1989,0,Winter,12.49709677,29.12,1.353225806,-2.8,6.92516129,58.84516129,49.2237,-123.1636,24
vancouver,1989,1,Winter,11.38896849,27.96,0.7969175627,-3.1,6.092943026,49.90322581,49.2237,-123.1636,24
vancouver,1989,2,Winter,10.71153067,32.66,-2.512896825,-11.2,4.099316921,36.37142857,49.2237,-123.1636,24
vancouver,1989,3,Spring,11.89252814,25.8,1.470645161,-5.2,6.681586651,44,49.2237,-123.1636,24
vancouver,1989,4,Spring,16.20380351,34.61,5.536058592,2,10.86993105,26.72319561,49.2237,-123.1636,24
vancouver,1989,5,Spring,17.74935484,26.88,7.886129032,4.8,12.81774194,33.98709677,49.2237,-123.1636,24
vancouver,1989,6,Summer,21.22233333,33.48,11.03333333,8.1,16.12783333,18.83333333,49.2237,-123.1636,24
vancouver,1989,7,Summer,22.52580645,33.41,12.47096774,10.6,17.4983871,10.58064516,49.2237,-123.1636,24
vancouver,1989,8,Summer,20.47555857,30.48,12.13662172,5.67,16.30609015,35.93830984,49.2237,-123.1636,24
vancouver,1989,9,Fall,22.032,33.62,9.99,7.4,16.011,6.993333333,49.2237,-123.1636,24
vancouver,1989,10,Fall,15.9018894,29.99,6.52,-1.3,11.2109447,32.59677419,49.2237,-123.1636,24
vancouver,1989,11,Fall,12.77168254,23.44,3.313481481,-1.6,8.042582011,73.43333333,49.2237,-123.1636,24
vancouver,1990,0,Winter,10.40697133,23.75,2.024731183,-2.3,6.215851254,45.51290323,49.2237,-123.1636,24
vancouver,1990,1,Winter,9.740829493,19.2,0.8225806452,-2.6,5.281705069,64.23225806,49.2237,-123.1636,24
vancouver,1990,2,Winter,12.36,28.59,-1.152142857,-11,5.603928571,49.34642857,49.2237,-123.1636,24
vancouver,1990,3,Spring,13.02207373,27.84,1.283870968,-1.7,7.15297235,45.16129032,49.2237,-123.1636,24
vancouver,1990,4,Spring,15.96216667,30.32,5.622666667,2.9,10.79241667,34.99666667,49.2237,-123.1636,24
vancouver,1990,5,Spring,18.1084639,35.23,7.903225806,2.9,13.00584485,18.31612903,49.2237,-123.1636,24
vancouver,1990,6,Summer,19.85033333,33.29,10.51733333,3.82,15.18383333,42.39666667,49.2237,-123.1636,24
vancouver,1990,7,Summer,22.35354839,33.04,13.87612903,10.86,18.11483871,11.23870968,49.2237,-123.1636,24
vancouver,1990,8,Summer,24.40314516,33.18,13.37967742,5.67,18.89141129,21.81290323,49.2237,-123.1636,24
vancouver,1990,9,Fall,18.80147018,24.5,11.18072526,6.6,14.99109772,15.62652895,49.2237,-123.1636,24
vancouver,1990,10,Fall,16.02412186,21.92,5.824193548,2.9,10.92415771,39.33548387,49.2237,-123.1636,24
vancouver,1990,11,Fall,12.23529245,23.29,3.306020502,-0.9,7.770656474,94.7,49.2237,-123.1636,24
vancouver,1991,0,Winter,11.02589606,31.41,-0.6435747368,-13.9,5.19116066,69.96774194,49.2237,-123.1636,24
vancouver,1991,1,Winter,9.303177242,26.72,-0.7121446616,-9.1,4.29551629,65.34202361,49.2237,-123.1636,24
vancouver,1991,2,Winter,13.59520408,32.38,3.3025,-1,8.448852041,57.96428571,49.2237,-123.1636,24
vancouver,1991,3,Spring,12.86225806,32.38,1.362903226,-2.6,7.112580645,41.61290323,49.2237,-123.1636,24
vancouver,1991,4,Spring,15.2382963,34.47,4.254,0.2,9.746148148,50.34333333,49.2237,-123.1636,24
vancouver,1991,5,Spring,16.93225806,26.88,7.898064516,4.3,12.41516129,22.25483871,49.2237,-123.1636,24
vancouver,1991,6,Summer,18.362,28,9.596333333,5.16,13.97916667,19.08333333,49.2237,-123.1636,24
vancouver,1991,7,Summer,21.0783871,33.29,12.14419355,6.56,16.61129032,14.63870968,49.2237,-123.1636,24
vancouver,1991,8,Summer,21.43702509,32.34,12.95225806,5.34,17.19464158,69.75080645,49.2237,-123.1636,24
vancouver,1991,9,Fall,21.59766667,35.23,10.21333333,7.1,15.9055,13.51333333,49.2237,-123.1636,24
vancouver,1991,10,Fall,15.81758065,25.85,4.180645161,-4.7,9.999112903,16.68028674,49.2237,-123.1636,24
vancouver,1991,11,Fall,13.58971429,24.33,3.179,-1.6,8.384357143,63.56666667,49.2237,-123.1636,24
vancouver,1992,0,Winter,11.97089606,24.01,1.490322581,-4.5,6.730609319,38.94516129,49.2237,-123.1636,24
vancouver,1992,1,Winter,12.4888105,33.44,2.206451613,-4.5,7.347631057,92.47741935,49.2237,-123.1636,24
vancouver,1992,2,Winter,13.12011494,25.05,2.643448276,-1,7.881781609,30.44827586,49.2237,-123.1636,24
vancouver,1992,3,Spring,16.64741935,32.38,3.8,0.2,10.22370968,10.57419355,49.2237,-123.1636,24
vancouver,1992,4,Spring,17.70135714,31.23,5.667333333,1.8,11.68434524,42.26666667,49.2237,-123.1636,24
vancouver,1992,5,Spring,20.01709677,32.3,8.097419355,3.77,14.05725806,7.558064516,49.2237,-123.1636,24
vancouver,1992,6,Summer,23.12409524,33.18,12.02266667,4.7,17.57338095,34.69666667,49.2237,-123.1636,24
vancouver,1992,7,Summer,21.00129032,27.1,13.67870968,9.61,17.34,15.36451613,49.2237,-123.1636,24
vancouver,1992,8,Summer,21.23645161,28.8,12.29548387,6.16,16.76596774,8.322580645,49.2237,-123.1636,24
vancouver,1992,9,Fall,18.03778101,22.4,8.868666667,4.9,13.45322384,19.93333333,49.2237,-123.1636,24
vancouver,1992,10,Fall,16.45238464,29.25,7.252258065,-0.2,11.85232135,32.70967742,49.2237,-123.1636,24
vancouver,1992,11,Fall,12.75133333,23.42,2.997666667,-3.8,7.8745,59,49.2237,-123.1636,24
vancouver,1993,0,Winter,11.06935484,31.84,-0.4251612903,-10.6,5.322096774,35.96774194,49.2237,-123.1636,24
vancouver,1993,1,Winter,9.550645161,30.09,-5.145483871,-14.1,2.202580645,33.41935484,49.2237,-123.1636,24
vancouver,1993,2,Winter,13.0875,28.6,-2.042857143,-7.2,5.522321429,4.071428571,49.2237,-123.1636,24
vancouver,1993,3,Spring,14.45975806,26.22,2.722580645,-1,8.591169355,37.09677419,49.2237,-123.1636,24
vancouver,1993,4,Spring,16.50448148,27.66,5.519,1.8,11.01174074,40.86666667,49.2237,-123.1636,24
vancouver,1993,5,Spring,19.90548387,35.23,9.125860215,2.666666667,14.51567204,29.29032258,49.2237,-123.1636,24
vancouver,1993,6,Summer,19.24366667,33.29,11.21633333,6.84,15.23,27.43333333,49.2237,-123.1636,24
vancouver,1993,7,Summer,19.75846774,33.29,11.54064516,3.47,15.64955645,11.22580645,49.2237,-123.1636,24
vancouver,1993,8,Summer,21.10483871,33.62,12.50483871,3.35,16.80483871,6.258064516,49.2237,-123.1636,24
vancouver,1993,9,Fall,20.365,28.82,8.69,0.93,14.5275,0.7666666667,49.2237,-123.1636,24
vancouver,1993,10,Fall,16.45935484,27.14,7.303225806,3.6,11.88129032,26.67741935,49.2237,-123.1636,24
vancouver,1993,11,Fall,12.53741667,29.98,0.5634444444,-9.3,6.550430556,19.76666667,49.2237,-123.1636,24
vancouver,1994,0,Winter,11.96379032,33.66,0.3316129032,-3.8,6.147701613,50.83870968,49.2237,-123.1636,24
vancouver,1994,1,Winter,12.76831541,25.8,3.26,-3.3,8.014157706,41.16129032,49.2237,-123.1636,24
vancouver,1994,2,Winter,10.84534014,31.18,0.05428571429,-6.5,5.449812925,36.07142857,49.2237,-123.1636,24
vancouver,1994,3,Spring,14.52967742,28.77,2.99483871,-1.8,8.762258065,35.64516129,49.2237,-123.1636,24
vancouver,1994,4,Spring,16.126,26.88,6.333238095,1.32,11.22961905,16.8,49.2237,-123.1636,24
vancouver,1994,5,Spring,19.82032258,33.62,8.513870968,4.7,14.16709677,11.22580645,49.2237,-123.1636,24
vancouver,1994,6,Summer,21.01566667,33.48,9.878518519,3.355555556,15.44709259,23.1,49.2237,-123.1636,24
vancouver,1994,7,Summer,22.7416129,33.29,13.17806452,8.32,17.95983871,10,49.2237,-123.1636,24
vancouver,1994,8,Summer,22.10806452,33.29,12.61354839,-3.6,17.36080645,5.870967742,49.2237,-123.1636,24
vancouver,1994,9,Fall,21.35480952,33.48,10.84333333,9.8,16.09907143,21.9,49.2237,-123.1636,24
vancouver,1994,10,Fall,17.79075269,34.61,6.25516129,3.1,12.02295699,36.83870968,49.2237,-123.1636,24
vancouver,1994,11,Fall,11.48663889,22.51,2.316,-3.7,6.901319444,68.4,49.2237,-123.1636,24
vancouver,1995,0,Winter,11.84408602,21.76666667,1.470967742,-8.1,6.657526882,60.96774194,49.2237,-123.1636,24
vancouver,1995,1,Winter,11.51441104,28.77,0.2129032258,-6.4,5.863657132,53.12903226,49.2237,-123.1636,24
vancouver,1995,2,Winter,12.47964286,29.25,2.040714286,-5.7,7.260178571,50.96428571,49.2237,-123.1636,24
vancouver,1995,3,Spring,16.23820276,32.86,2.517960829,-3.2,9.378081797,33.32258065,49.2237,-123.1636,24
vancouver,1995,4,Spring,15.966,33.44,5.001,1.5,10.4835,18.9,49.2237,-123.1636,24
vancouver,1995,5,Spring,19.97225806,33.62,8.932258065,5.7,14.45225806,8.774193548,49.2237,-123.1636,24
vancouver,1995,6,Summer,20.79866667,33.29,11.29333333,4.8,16.046,14.4,49.2237,-123.1636,24
vancouver,1995,7,Summer,21.95,32.5,13.53032258,4.84,17.74016129,14.16129032,49.2237,-123.1636,24
vancouver,1995,8,Summer,20.31645161,26.6,11.53306452,6.68,15.92475806,23.90322581,49.2237,-123.1636,24
vancouver,1995,9,Fall,21.14633333,30.69,11.24533333,8.4,16.19583333,5.066666667,49.2237,-123.1636,24
vancouver,1995,10,Fall,16.19806452,28.75,6.437096774,-1.5,11.31758065,46.03225806,49.2237,-123.1636,24
vancouver,1995,11,Fall,14.11874402,28.53,3.783333333,-2.4,8.951038678,81.76666667,49.2237,-123.1636,24
vancouver,1996,0,Winter,10.90745402,23.27,1.122903226,-7.3,6.015178623,69.5483871,49.2237,-123.1636,24
vancouver,1996,1,Winter,10.88,22.4,1.052903226,-11.8,5.966451613,51.80645161,49.2237,-123.1636,24
vancouver,1996,2,Winter,14.59932299,32.86,0.001379310345,-8.8,7.300351148,38.03448276,49.2237,-123.1636,24
vancouver,1996,3,Spring,14.22064516,29.98,1.832903226,-4.4,8.026774194,21.4516129,49.2237,-123.1636,24
vancouver,1996,4,Spring,16.63233333,29.43,6.44,2.8,11.53616667,58.13333333,49.2237,-123.1636,24
vancouver,1996,5,Spring,17.12774194,34.61,7.898387097,2.8,12.51306452,23.58064516,49.2237,-123.1636,24
vancouver,1996,6,Summer,19.94047018,29.09,9.515391925,-0.01,14.72793105,6.366528946,49.2237,-123.1636,24
vancouver,1996,7,Summer,15.90225806,27.9,9.416129032,3.82,12.65919355,5.548387097,49.2237,-123.1636,24
vancouver,1996,8,Summer,17.02387097,26.3,10.49258065,5.67,13.75822581,10.90322581,49.2237,-123.1636,24
vancouver,1996,9,Fall,14.78966667,21.4,8.76,5.67,11.77483333,23.43333333,49.2237,-123.1636,24
vancouver,1996,10,Fall,14.25703533,25.86666667,7.010645161,-0.7,10.63384025,80.35483871,49.2237,-123.1636,24
vancouver,1996,11,Fall,11.989,23.38,4.589,-6.6,8.289,68.33333333,49.2237,-123.1636,24
vancouver,1997,0,Winter,10.33741935,23.01,2.510368664,-12.5,6.423894009,80.77419355,49.2237,-123.1636,24
vancouver,1997,1,Winter,10.78516129,27.4,4.469139785,-9,7.627150538,85.48387097,49.2237,-123.1636,24
vancouver,1997,2,Winter,11.98857143,22.01,5.111428571,-3.2,8.55,31.53571429,49.2237,-123.1636,24
vancouver,1997,3,Spring,12.72806452,24.75,4.855215054,-1,8.791639785,72.38709677,49.2237,-123.1636,24
vancouver,1997,4,Spring,12.94711111,22.01,5.688666667,-0.4,9.317888889,36.4,49.2237,-123.1636,24
vancouver,1997,5,Spring,14.38096774,24.8,8.166774194,3.7,11.27387097,25.96774194,49.2237,-123.1636,24
vancouver,1997,6,Summer,17.295,24.22,9.891333333,3.82,13.59316667,27.3,49.2237,-123.1636,24
vancouver,1997,7,Summer,15.22290323,27.8,9.509032258,5.67,12.36596774,28.83870968,49.2237,-123.1636,24
vancouver,1997,8,Summer,17.68548387,27.8,10.78870968,3.82,14.23709677,13.06451613,49.2237,-123.1636,24
vancouver,1997,9,Fall,16.711,25.5,9.752666667,4.84,13.23183333,33.7,49.2237,-123.1636,24
vancouver,1997,10,Fall,14.40290323,22.41,7.507741935,1.2,10.95532258,54.70967742,49.2237,-123.1636,24
vancouver,1997,11,Fall,13.298,21.34,6.048,-2.5,9.673,38.93333333,49.2237,-123.1636,24
vancouver,1998,0,Winter,11.33677419,20.8,3.568467742,-1.8,7.452620968,40.29032258,49.2237,-123.1636,24
vancouver,1998,1,Winter,11.70516129,23.38,3.765806452,-10.1,7.735483871,49.09677419,49.2237,-123.1636,24
vancouver,1998,2,Winter,11.41142857,21.34,5.382857143,-1.5,8.397142857,26.10714286,49.2237,-123.1636,24
vancouver,1998,3,Spring,13.29903226,22.22,6.696774194,0,9.997903226,28.22580645,49.2237,-123.1636,24
vancouver,1998,4,Spring,11.77933333,20.27,5.482,1.9,8.630666667,6.3,49.2237,-123.1636,24
vancouver,1998,5,Spring,14.55032258,22.4,8.310967742,5.67,11.43064516,35.06451613,49.2237,-123.1636,24
vancouver,1998,6,Summer,14.751,25.8,8.935333333,5.67,11.84316667,10,49.2237,-123.1636,24
vancouver,1998,7,Summer,17.91129032,31.9,11.47225806,3.82,14.69177419,12.90322581,49.2237,-123.1636,24
vancouver,1998,8,Summer,16.55980985,26.6,10.30295993,5.67,13.43138489,3.735350593,49.2237,-123.1636,24
vancouver,1998,9,Fall,16.60566667,26.7,9.553,5.67,13.07933333,3.8,49.2237,-123.1636,24
vancouver,1998,10,Fall,14.2183871,20.5,6.45516129,3,10.33677419,35.29032258,49.2237,-123.1636,24
vancouver,1998,11,Fall,14.00095238,19.62,6.946380952,1.7,10.47366667,86.8,49.2237,-123.1636,24
vancouver,1999,0,Winter,10.6690937,21.82,4.451658986,-9.7,7.560376344,88.70967742,49.2237,-123.1636,24
vancouver,1999,1,Winter,11.55555857,24.01,4.439847524,-3.1,7.997703048,91.98669694,49.2237,-123.1636,24
vancouver,1999,2,Winter,12.85136466,24.22,5.086196982,-0.6,8.968780821,84.0639906,49.2237,-123.1636,24
vancouver,1999,3,Spring,13.42787436,22.01,5.86425025,-1.2,9.646062306,41.9901893,49.2237,-123.1636,24
vancouver,1999,4,Spring,14.72829123,21.96,5.864743474,-0.3,10.29651735,44.81570262,49.2237,-123.1636,24
vancouver,1999,5,Spring,15.72273005,25.8,8.076469241,4.7,11.89959964,28.01532936,49.2237,-123.1636,24
vancouver,1999,6,Summer,17.52594035,27.4,9.295450516,5,13.41069543,43.80639123,49.2237,-123.1636,24
vancouver,1999,7,Summer,18.87139898,26.4,9.590414539,5.03,14.23090676,61.48321362,49.2237,-123.1636,24
vancouver,1999,8,Summer,19.99555857,25.2,11.60113785,5.67,15.79834821,35.52218081,49.2237,-123.1636,24
vancouver,1999,9,Fall,17.90195789,25,8.964743474,5.67,13.43335068,49.51514707,49.2237,-123.1636,24
vancouver,1999,10,Fall,13.13645161,24.01,6.233225806,1.7,9.68483871,52.61290323,49.2237,-123.1636,24
vancouver,1999,11,Fall,11.756,20.56,5.541,-0.1,8.6485,63.43333333,49.2237,-123.1636,24
vancouver,2000,0,Winter,10.21483871,30,4.609710392,-0.6,7.412274551,84.3,49.2237,-123.1636,24
vancouver,2000,1,Winter,11.09419355,22.22,3.870322581,-3.2,7.482258065,47.77419355,49.2237,-123.1636,24
vancouver,2000,2,Winter,10.07172414,19.43,2.871724138,-2.9,6.471724138,28.79310345,49.2237,-123.1636,24
vancouver,2000,3,Spring,11.90709677,19.62,4.697741935,-0.7,8.302419355,36.67741935,49.2237,-123.1636,24
vancouver,2000,4,Spring,12.807,21.96,6.074,2.6,9.4405,12.2,49.2237,-123.1636,24
vancouver,2000,5,Spring,14.76354839,21.4,7.464193548,3.9,11.11387097,36.70967742,49.2237,-123.1636,24
vancouver,2000,6,Summer,14.49033333,27.5,8.593,5.67,11.54166667,17.76666667,49.2237,-123.1636,24
vancouver,2000,7,Summer,16.61903226,24.5,9.526451613,3.82,13.07274194,20.83870968,49.2237,-123.1636,24
vancouver,2000,8,Summer,15.73483871,27,9.668387097,5.67,12.7016129,1.870967742,49.2237,-123.1636,24
vancouver,2000,9,Fall,16.419,24.1,9.130666667,5.67,12.77483333,16.4,49.2237,-123.1636,24
vancouver,2000,10,Fall,14.29967742,22.01,7.31,3.8,10.80483871,40.74193548,49.2237,-123.1636,24
vancouver,2000,11,Fall,10.601,19.48,3.715333333,-3.6,7.158166667,23.96666667,49.2237,-123.1636,24
vancouver,2001,0,Winter,9.953870968,21.96,3.170967742,-5.4,6.562419355,43.51612903,49.2237,-123.1636,24
vancouver,2001,1,Winter,11.79967742,21.9,4.132258065,-3.4,7.965967742,43.51612903,49.2237,-123.1636,24
vancouver,2001,2,Winter,8.886071429,18.1,2.6575,-3.9,5.771785714,10.96428571,49.2237,-123.1636,24
vancouver,2001,3,Spring,12.96612903,22.41,5.267741935,-2.2,9.116935484,38.35483871,49.2237,-123.1636,24
vancouver,2001,4,Spring,11.886,21.24,5.572666667,0.8,8.729333333,36.23333333,49.2237,-123.1636,24
vancouver,2001,5,Spring,13.3716129,20.7,7.412580645,3.8,10.39209677,17.03225806,49.2237,-123.1636,24
vancouver,2001,6,Summer,15.84566667,25.4,8.430333333,5.67,12.138,22.6,49.2237,-123.1636,24
vancouver,2001,7,Summer,16.25548387,26.9,9.74516129,5.67,13.00032258,11.93548387,49.2237,-123.1636,24
vancouver,2001,8,Summer,18.11096774,25.1,11.05,4.84,14.58048387,30.77419355,49.2237,-123.1636,24
vancouver,2001,9,Fall,15.25733333,21.8,9.278666667,5.67,12.268,13.83333333,49.2237,-123.1636,24
vancouver,2001,10,Fall,14.84,21.34,7.726451613,3.3,11.28322581,47.09677419,49.2237,-123.1636,24
vancouver,2001,11,Fall,14.327,23.01,7.531,0.8,10.929,56.03333333,49.2237,-123.1636,24
vancouver,2002,0,Winter,10.40483871,22.12,1.66483871,-4.8,6.03483871,72.19354839,49.2237,-123.1636,24
vancouver,2002,1,Winter,11.25354839,22.01,3.809677419,-7.8,7.531612903,54,49.2237,-123.1636,24
vancouver,2002,2,Winter,11.26785714,22.35,4.023214286,-3.6,7.645535714,38.17857143,49.2237,-123.1636,24
vancouver,2002,3,Spring,9.609032258,18.25,3.771612903,-5.3,6.690322581,21.80645161,49.2237,-123.1636,24
vancouver,2002,4,Spring,12.94866667,22.35,5.217666667,1,9.083166667,24.36666667,49.2237,-123.1636,24
vancouver,2002,5,Spring,14.43096774,22.12,7.027419355,2.2,10.72919355,15.93548387,49.2237,-123.1636,24
vancouver,2002,6,Summer,14.753,30.2,8.886333333,5.67,11.81966667,9.933333333,49.2237,-123.1636,24
vancouver,2002,7,Summer,16.70967742,28,10.01774194,5.67,13.36370968,5.709677419,49.2237,-123.1636,24
vancouver,2002,8,Summer,16.96774194,27.1,10.10064516,5.67,13.53419355,1.967741935,49.2237,-123.1636,24
vancouver,2002,9,Fall,15.10166667,23.9,8.589666667,5.67,11.84566667,11.53333333,49.2237,-123.1636,24
vancouver,2002,10,Fall,12.97967742,20.42,6.30516129,-1.9,9.642419355,6.064516129,49.2237,-123.1636,24
vancouver,2002,11,Fall,12.16033333,19.7,5.754166667,-3.7,8.95725,45.96666667,49.2237,-123.1636,24
vancouver,2003,0,Winter,11.05387097,22.01,4.412580645,-1.8,7.733225806,44.09677419,49.2237,-123.1636,24
vancouver,2003,1,Winter,12.24354839,24.75,4.826989247,-2.9,8.535268817,51.41935484,49.2237,-123.1636,24
vancouver,2003,2,Winter,9.6375,22.01,3.111428571,-3.7,6.374464286,9.642857143,49.2237,-123.1636,24
vancouver,2003,3,Spring,11.85612903,19.48,4.840322581,-2.2,8.348225806,43.93548387,49.2237,-123.1636,24
vancouver,2003,4,Spring,14.111,24.01,7.233666667,2.6,10.67233333,47.33333333,49.2237,-123.1636,24
vancouver,2003,5,Spring,13.83548387,21.7,7.546774194,3.82,10.69112903,14.90322581,49.2237,-123.1636,24
vancouver,2003,6,Summer,16.619,26.6,9.419333333,3.82,13.01916667,4.266666667,49.2237,-123.1636,24
vancouver,2003,7,Summer,16.87612903,27.9,10.20806452,4.84,13.54209677,6.225806452,49.2237,-123.1636,24
vancouver,2003,8,Summer,17.62290323,26.3,10.53516129,5.67,14.07903226,1.419354839,49.2237,-123.1636,24
vancouver,2003,9,Fall,16.92533333,27.4,9.326,5.67,13.12566667,13.33333333,49.2237,-123.1636,24
vancouver,2003,10,Fall,14.89387097,23,7.915322581,-0.7,11.40459677,84.22580645,49.2237,-123.1636,24
vancouver,2003,11,Fall,11.26785714,24.01,3.560333333,-4.6,7.414095238,53.4,49.2237,-123.1636,24
vancouver,2004,0,Winter,11.87580645,24.01,3.982580645,-5.5,7.929193548,35.64516129,49.2237,-123.1636,24
vancouver,2004,1,Winter,9.848387097,21.48,3.186774194,-12.2,6.517580645,54.38709677,49.2237,-123.1636,24
vancouver,2004,2,Winter,11.16551724,22.12,4.737586207,-1.6,7.951551724,30.55172414,49.2237,-123.1636,24
vancouver,2004,3,Spring,12.33612903,18.5,5.600645161,0.5,8.968387097,32,49.2237,-123.1636,24
vancouver,2004,4,Spring,12.19466667,21.5,6.333,3.7,9.263833333,5.2,49.2237,-123.1636,24
vancouver,2004,5,Spring,15.84548387,24.3,8.468709677,4.84,12.15709677,19.48387097,49.2237,-123.1636,24
vancouver,2004,6,Summer,16.44033333,28.3,9.786666667,5.67,13.1135,7.7,49.2237,-123.1636,24
vancouver,2004,7,Summer,18.33709677,29.8,11.18354839,3.82,14.76032258,5.258064516,49.2237,-123.1636,24
vancouver,2004,8,Summer,17.51903226,29.8,10.65806452,3.82,14.08854839,24.22580645,49.2237,-123.1636,24
vancouver,2004,9,Fall,16.76866667,24.6,9.231666667,3.82,13.00016667,56.63333333,49.2237,-123.1636,24
vancouver,2004,10,Fall,14.16580645,21.34,6.787096774,2.6,10.47645161,34.96774194,49.2237,-123.1636,24
vancouver,2004,11,Fall,13.11455556,25.86666667,5.839333333,-2.5,9.476944444,68.96666667,49.2237,-123.1636,24
vancouver,2005,0,Winter,12.88276498,22.12,6.06235023,-2.1,9.472557604,58.67741935,49.2237,-123.1636,24
vancouver,2006,1,Winter,12.71153226,20.78,6.104193548,-0.7,9.407862903,92.22580645,49.2237,-123.1636,24
vancouver,2006,2,Winter,9.787142857,22.01,2.072142857,-5.2,5.929642857,26,49.2237,-123.1636,24
vancouver,2006,3,Spring,12.10354839,21.34,4.633225806,-2.8,8.368387097,30.19354839,49.2237,-123.1636,24
vancouver,2006,4,Spring,13.05,21.34,6.402666667,2,9.726333333,23.4,49.2237,-123.1636,24
vancouver,2006,5,Spring,13.73193548,28.3,7.959354839,3.5,10.84564516,12.74193548,49.2237,-123.1636,24
vancouver,2006,6,Summer,15.22103704,25.3,9.803666667,5.67,12.51235185,19.03333333,49.2237,-123.1636,24
vancouver,2006,7,Summer,17.33645161,26.7,10.4316129,5.67,13.88403226,8.225806452,49.2237,-123.1636,24
vancouver,2006,8,Summer,15.70967742,27.4,9.423225806,5.67,12.56645161,1.548387097,49.2237,-123.1636,24
vancouver,2006,9,Fall,16.09666667,25.4,8.900333333,4.84,12.4985,13.16666667,49.2237,-123.1636,24
vancouver,2006,10,Fall,13.6583871,21.29,6.511935484,-2.4,10.08516129,18.67741935,49.2237,-123.1636,24
vancouver,2006,11,Fall,12.73922222,29.6,5.092777778,-8.5,8.916,108.4,49.2237,-123.1636,24
vancouver,2007,0,Winter,11.82387097,20.42,5.180645161,-3,8.502258065,46.77419355,49.2237,-123.1636,24
vancouver,2007,1,Winter,10.61354839,20.11,3.298817204,-9.2,6.956182796,55.51612903,49.2237,-123.1636,24
vancouver,2007,2,Winter,13.72065296,24.01,5.869419785,-3,9.795036374,41.57142857,49.2237,-123.1636,24
vancouver,2007,3,Spring,13.16026719,22.12,5.865282386,-2.3,9.51277479,72.38709677,49.2237,-123.1636,24
vancouver,2007,4,Spring,13.177,20.42,6.039333333,-0.5,9.608166667,25.06666667,49.2237,-123.1636,24
vancouver,2007,5,Spring,12.91967742,21.6,6.690322581,5.2,9.805,12,49.2237,-123.1636,24
vancouver,2007,6,Summer,17.35833333,27.4,9.733333333,5.67,13.54583333,27.1,49.2237,-123.1636,24
vancouver,2007,7,Summer,16.46645161,28.3,10.54096774,5.67,13.50370968,18.41935484,49.2237,-123.1636,24
vancouver,2007,8,Summer,15.39096774,26.7,9.899354839,5.67,12.64516129,2.548387097,49.2237,-123.1636,24
vancouver,2007,9,Fall,15.195,22.4,8.882333333,5.67,12.03866667,22,49.2237,-123.1636,24
vancouver,2007,10,Fall,13.92139785,22.01,6.419175627,1.5,10.17028674,52.38709677,49.2237,-123.1636,24
vancouver,2007,11,Fall,12.347,22.35,4.633333333,-3.3,8.490166667,38.86666667,49.2237,-123.1636,24
vancouver,2008,0,Winter,11.21225806,25.5,3.526451613,-5.3,7.369354839,68.03225806,49.2237,-123.1636,24
vancouver,2008,1,Winter,10.98451613,22.22,3.825483871,-4.9,7.405,47.06451613,49.2237,-123.1636,24
vancouver,2008,2,Winter,10.54448276,19.62,3.99137931,-2.9,7.267931034,23.17241379,49.2237,-123.1636,24
vancouver,2008,3,Spring,12.04677419,22.35,4.246129032,-1,8.146451613,22.32258065,49.2237,-123.1636,24
vancouver,2008,4,Spring,11.59466667,21.24,4.833666667,-2.1,8.214166667,25.03333333,49.2237,-123.1636,24
vancouver,2008,5,Spring,13.24612903,29,7.595806452,4.4,10.42096774,14.03225806,49.2237,-123.1636,24
vancouver,2008,6,Summer,13.76866667,26.9,7.947666667,5.67,10.85816667,16.43333333,49.2237,-123.1636,24
vancouver,2008,7,Summer,17.77709677,26.2,10.15225806,4.7,13.96467742,4.451612903,49.2237,-123.1636,24
vancouver,2008,8,Summer,17.10935484,28.5,10.76612903,5.67,13.93774194,25.93548387,49.2237,-123.1636,24
vancouver,2008,9,Fall,15.101,24.5,9.04,5.67,12.0705,10.4,49.2237,-123.1636,24
vancouver,2008,10,Fall,13.58451613,22.2,6.123225806,1.7,9.853870968,29.48387097,49.2237,-123.1636,24
vancouver,2008,11,Fall,13.52333333,20.42,6.526,0.4,10.02466667,61.06666667,49.2237,-123.1636,24
vancouver,2009,0,Winter,9.069299452,24.01,1.827863031,-15.2,5.448581241,63.06451613,49.2237,-123.1636,24
vancouver,2009,1,Winter,8.737419355,21.96,3.17483871,-6.5,5.956129032,40.67741935,49.2237,-123.1636,24
vancouver,2009,2,Winter,8.9075,18.65,2.376071429,-3.5,5.641785714,20.35714286,49.2237,-123.1636,24
vancouver,2009,3,Spring,11.11193548,22.22,3.891612903,-5.3,7.501774194,33.38709677,49.2237,-123.1636,24
vancouver,2009,4,Spring,12.40319048,21.24,5.414333333,1.5,8.908761905,26.13333333,49.2237,-123.1636,24
vancouver,2009,5,Spring,13.21290323,26.1,7.151290323,4.3,10.18209677,23.19354839,49.2237,-123.1636,24
vancouver,2009,6,Summer,16.82966667,25.9,10.05566667,5.67,13.44266667,3.566666667,49.2237,-123.1636,24
vancouver,2009,7,Summer,14.53354839,34.4,9.130967742,5.67,11.83225806,6.483870968,49.2237,-123.1636,24
vancouver,2009,8,Summer,17.61741935,26.7,10.31193548,5.67,13.96467742,8.612903226,49.2237,-123.1636,24
vancouver,2009,9,Fall,15.34566667,27.8,8.544333333,2.81,11.945,25.8,49.2237,-123.1636,24
vancouver,2009,10,Fall,13.76096774,22.2,6.299677419,0.4,10.03032258,54.48387097,49.2237,-123.1636,24
vancouver,2009,11,Fall,12.56788889,18.9,5.461777778,-0.4,9.014833333,94.83333333,49.2237,-123.1636,24
vancouver,2010,0,Winter,8.885806452,21.34,1.742258065,-6.3,5.314032258,23.35483871,49.2237,-123.1636,24
vancouver,2010,1,Winter,12.81064516,22.01,5.733548387,-2.7,9.272096774,60.22580645,49.2237,-123.1636,24
vancouver,2010,2,Winter,11.89678571,22.81,5.573214286,-0.4,8.735,36.71428571,49.2237,-123.1636,24
vancouver,2010,3,Spring,12.86193548,23.38,5.283548387,0.5,9.072741935,35.5483871,49.2237,-123.1636,24
vancouver,2010,4,Spring,13.80333333,21.24,6.568,1,10.18566667,28.63333333,49.2237,-123.1636,24
vancouver,2010,5,Spring,13.90548387,22.22,7.410322581,2.6,10.65790323,18.16129032,49.2237,-123.1636,24
vancouver,2010,6,Summer,16.33333333,23.1,9.200666667,5.67,12.767,16.3,49.2237,-123.1636,24
vancouver,2010,7,Summer,16.75677419,28.1,10.20774194,5.67,13.48225806,0.2580645161,49.2237,-123.1636,24
vancouver,2010,8,Summer,15.89225806,29.8,9.893870968,4.84,12.89306452,13.74193548,49.2237,-123.1636,24
vancouver,2010,9,Fall,15.88033333,25.6,9.379666667,4.7,12.63,62.23333333,49.2237,-123.1636,24
vancouver,2010,10,Fall,14.07612903,21.8,7.636451613,3.7,10.85629032,25.16129032,49.2237,-123.1636,24
vancouver,2010,11,Fall,12.31222222,25.86666667,4.701333333,-9.5,8.506777778,44.23333333,49.2237,-123.1636,24
vancouver,2011,0,Winter,9.978986175,19,3.324884793,-6.3,6.651935484,55.70967742,49.2237,-123.1636,24
vancouver,2011,1,Winter,12.2516129,22.35,5.003225806,-6.4,8.627419355,60.16129032,49.2237,-123.1636,24
vancouver,2011,2,Winter,10.36892857,21.24,3.112857143,-8.1,6.740892857,31.78571429,49.2237,-123.1636,24
vancouver,2011,3,Spring,11.97387097,22.12,4.471612903,-0.5,8.222741935,47.77419355,49.2237,-123.1636,24
vancouver,2011,4,Spring,12.19433333,18.22,6.031,-0.2,9.112666667,31.86666667,49.2237,-123.1636,24
vancouver,2011,5,Spring,12.29903226,18.9,7.231935484,3.3,9.765483871,28.61290323,49.2237,-123.1636,24
vancouver,2011,6,Summer,15.91166667,22.1,9.433333333,3.82,12.6725,14.26666667,49.2237,-123.1636,24
vancouver,2011,7,Summer,16.10225806,25.8,9.653870968,5.67,12.87806452,12.03225806,49.2237,-123.1636,24
vancouver,2011,8,Summer,16.22,26.7,10.30677419,5.67,13.2633871,6.290322581,49.2237,-123.1636,24
vancouver,2011,9,Fall,17.033,25.2,9.987333333,5.67,13.51016667,23.26666667,49.2237,-123.1636,24
vancouver,2011,10,Fall,12.91290323,21.24,6.739354839,2.2,9.826129032,22.51612903,49.2237,-123.1636,24
vancouver,2011,11,Fall,12.27666667,22.35,3.664333333,-4.3,7.9705,44.76666667,49.2237,-123.1636,24
vancouver,2012,0,Winter,10.04322581,18.9,3.775806452,-5,6.909516129,28.03225806,49.2237,-123.1636,24
vancouver,2012,1,Winter,10.54677419,19.62,3.988064516,-7.4,7.267419355,41.74193548,49.2237,-123.1636,24
vancouver,2012,2,Winter,11.73862069,22.12,4.883103448,-4.7,8.310862069,46.34482759,49.2237,-123.1636,24
vancouver,2012,3,Spring,10.16193548,21.96,3.49,-2.8,6.825967742,34.83870968,49.2237,-123.1636,24
vancouver,2012,4,Spring,12.36366667,21.34,6.344666667,1.4,9.354166667,32.9,49.2237,-123.1636,24
vancouver,2012,5,Spring,12.87129032,23.5,7.262580645,5.5,10.06693548,14.5483871,49.2237,-123.1636,24
vancouver,2012,6,Summer,16.09033333,22.01,9.037666667,5.67,12.564,24.83333333,49.2237,-123.1636,24
vancouver,2012,7,Summer,14.97903226,26,9.057741935,5.67,12.0183871,9.612903226,49.2237,-123.1636,24
vancouver,2012,8,Summer,15.62903226,28.6,9.808064516,5.67,12.71854839,0.9032258065,49.2237,-123.1636,24
vancouver,2012,9,Fall,16.219,25.3,9.159666667,5.67,12.68933333,1.666666667,49.2237,-123.1636,24
vancouver,2012,10,Fall,13.81032258,21.34,6.846774194,1.6,10.32854839,56.51612903,49.2237,-123.1636,24
vancouver,2012,11,Fall,13.076,22.12,5.625666667,-0.9,9.350833333,57.46666667,49.2237,-123.1636,24
vancouver,2013,0,Winter,12.74774194,20.78,6.100645161,-1,9.424193548,72.96774194,49.2237,-123.1636,24
vancouver,2013,1,Winter,11.42870968,22.35,4.019032258,-5.9,7.723870968,32.61290323,49.2237,-123.1636,24
vancouver,2013,2,Winter,12.60478947,24.01,5.075062777,-1.1,8.839926125,24.84985244,49.2237,-123.1636,24
vancouver,2013,3,Spring,10.56,20.64,5.321612903,-0.7,7.940806452,38.74193548,49.2237,-123.1636,24
vancouver,2013,4,Spring,13.98388889,20.42,6.520888889,0.3,10.25238889,38.5,49.2237,-123.1636,24
vancouver,2013,5,Spring,14.72354839,22.22,7.928064516,2.5,11.32580645,21.61290323,49.2237,-123.1636,24
vancouver,2013,6,Summer,19.61658245,31.2,10.79815361,7.8,15.20736803,31.04473858,49.2237,-123.1636,24
vancouver,2013,7,Summer,22.61935484,28,13.93548387,11.4,18.27741935,0,49.2237,-123.1636,24
vancouver,2013,8,Summer,22.35252292,24.8,13.93430695,8.081757746,18.14341494,20.63199151,49.2237,-123.1636,24
vancouver,2013,9,Fall,18.64380351,24.1,12.38272526,7.3,15.51326438,44.69319561,49.2237,-123.1636,24
vancouver,2013,10,Fall,12.73316808,21.2,6.202048887,1,9.467608484,14.30941086,49.2237,-123.1636,24
vancouver,2013,11,Fall,9.12,14.6,3.12,-3.8,6.12,41.06666667,49.2237,-123.1636,24
vancouver,2014,0,Winter,5.458974532,18.11410525,0.04398437071,-10,2.751479452,21.59973344,49.2237,-123.1636,24
vancouver,2014,1,Winter,6.816129032,12.1,1.812903226,-3.4,4.314516129,45.87096774,49.2237,-123.1636,24
vancouver,2014,2,Winter,5.564285714,12.6,-0.525,-9.9,2.519642857,50.64285714,49.2237,-123.1636,24
vancouver,2014,3,Spring,9.716129032,12.6,4.022580645,-2,6.869354839,51.61290323,49.2237,-123.1636,24
vancouver,2014,4,Spring,13.60333333,18.9,6.286666667,2.2,9.945,27.33333333,49.2237,-123.1636,24
vancouver,2014,5,Spring,17.9488421,22.1,10.34134702,7.2,14.14509456,24.15470543,49.2237,-123.1636,24
vancouver,2014,6,Summer,19.52,23.7,11.86333333,8.9,15.69166667,12.26666667,49.2237,-123.1636,24
vancouver,2014,7,Summer,23.42903226,28.3,14.43548387,11.2,18.93225806,12.07096774,49.2237,-123.1636,24
vancouver,2014,8,Summer,23.18064516,27.9,15.12580645,12.8,19.15322581,12.36774194,49.2237,-123.1636,24
vancouver,2014,9,Fall,19.92333333,24.6,11.90666667,6.1,15.915,20.4,49.2237,-123.1636,24
vancouver,2014,10,Fall,15.79032258,21.2,10.27419355,4.8,13.03225806,59.29032258,49.2237,-123.1636,24
vancouver,2014,11,Fall,9.343333333,15.9,2.256666667,-8.9,5.8,63.16666667,49.2237,-123.1636,24
vancouver,2015,0,Winter,7.858064516,15.1,1.967741935,-6.1,4.912903226,54.06451613,49.2237,-123.1636,24
vancouver,2015,1,Winter,8.303225806,14.1,2.9,-5.2,5.601612903,50.32258065,49.2237,-123.1636,24
vancouver,2015,2,Winter,10.40714286,14.3,4.364285714,-1.9,7.385714286,40.5,49.2237,-123.1636,24
vancouver,2015,3,Spring,12.01612903,18.8,4.822580645,-1.9,8.419354839,51.29032258,49.2237,-123.1636,24
vancouver,2015,4,Spring,13.26,18.5,5.096666667,0.4,9.178333333,18.66333333,49.2237,-123.1636,24
vancouver,2015,5,Spring,18.69677419,22.5,10.60322581,2.9,14.65,5.174193548,49.2237,-123.1636,24
vancouver,2015,6,Summer,22.25127368,28.3,13.02878385,8.081757746,17.64002877,3.756391226,49.2237,-123.1636,24
vancouver,2015,7,Summer,23.40645161,27.3,15.22903226,12,19.31774194,6.709677419,49.2237,-123.1636,24
vancouver,2015,8,Summer,22.33870968,26.8,14.44516129,10.6,18.39193548,23.39677419,49.2237,-123.1636,24
vancouver,2015,9,Fall,17.72333333,22.7,10.35333333,5.9,14.03833333,13.93333333,49.2237,-123.1636,24
vancouver,2015,10,Fall,14.90645161,18.8,8.596774194,4.1,11.7516129,36.38709677,49.2237,-123.1636,24
vancouver,2015,11,Fall,8.49,13.1,1.456666667,-5.3,4.973333333,56.93333333,49.2237,-123.1636,24
vancouver,2016,0,Winter,7.616129032,13.9,2.683870968,-5.4,5.15,75.03225806,49.2237,-123.1636,24
vancouver,2016,1,Winter,7.680645161,12.2,1.616129032,-6.5,4.648387097,55.77419355,49.2237,-123.1636,24
vancouver,2016,2,Winter,10.2762069,16.41,4.144827586,-2.1,7.210517241,46.77241379,49.2237,-123.1636,24
vancouver,2016,3,Spring,11.56774194,17.1,5.080645161,-1.1,8.324193548,52.12903226,49.2237,-123.1636,24
vancouver,2016,4,Spring,15.69666667,24.4,7.81,4.7,11.75333333,8.066666667,49.2237,-123.1636,24
vancouver,2016,5,Spring,18.53225806,24.5,9.964516129,6.7,14.2483871,18.97096774,49.2237,-123.1636,24
vancouver,2016,6,Summer,20.18,25.2,12.06333333,8,16.12166667,20.83,49.2237,-123.1636,24
vancouver,2016,7,Summer,22.14967742,25.64,14.58709677,12.1,18.3683871,11.2516129,49.2237,-123.1636,24
vancouver,2016,8,Summer,22.3,26.4,14.46451613,11.5,18.38225806,4.451612903,49.2237,-123.1636,24
vancouver,2016,9,Fall,17.95666667,21.1,10.39333333,5.2,14.175,26.13333333,49.2237,-123.1636,24
vancouver,2016,10,Fall,13.73548387,16.6,8.251612903,0,10.99354839,65.61290323,49.2237,-123.1636,24
vancouver,2016,11,Fall,11.77,19.4,6.71,2.2,9.24,80.06666667,49.2237,-123.1636,24
vancouver,2017,0,Winter,3.811935484,8.8,-1.961290323,-8.7,0.9253225806,49.82903226,49.2237,-123.1636,24
vancouver,2017,1,Winter,5.125806452,11.4,-1.332258065,-8.4,1.896774194,31.87096774,49.2237,-123.1636,24
vancouver,2017,2,Winter,7.129578946,18.11410525,0.4594112676,-7.2,3.794495107,48.12827631,49.2237,-123.1636,24
vancouver,2017,3,Spring,10.39491341,18.11410525,4.501460427,-1.4,7.448186919,65.75443888,49.2237,-123.1636,24
vancouver,2017,4,Spring,12.82233333,21.07,6.523333333,1.7,9.672833333,45.74,49.2237,-123.1636,24
vancouver,2017,5,Spring,16.87419355,25.9,8.7,3.8,12.78709677,32.96774194,49.2237,-123.1636,24
vancouver,2017,6,Summer,19.61333333,26.2,11.55666667,8.3,15.585,15.46666667,49.2237,-123.1636,24
vancouver,2017,7,Summer,22.86129032,25.7,13.70645161,10.4,18.28387097,0.5806451613,49.2237,-123.1636,24
vancouver,2017,8,Summer,23.27741935,29.5,14.31290323,10.9,18.79516129,1.612903226,49.2237,-123.1636,24
vancouver,2017,9,Fall,20.12,26.6,11.81333333,6.8,15.96666667,9.8,49.2237,-123.1636,24
vancouver,2017,10,Fall,13.61129032,16.8,6.029032258,0.6,9.82016129,37.9,49.2237,-123.1636,24
vancouver,2017,11,Fall,9.489,16.1,4.266666667,-4.3,6.877833333,65.84333333,49.2237,-123.1636,24
vancouver,2018,0,Winter,5.196774194,8.9,-0.1322580645,-5.8,2.532258065,55.03225806,49.2237,-123.1636,24
vancouver,2018,1,Winter,7.519354839,11.8,3.141935484,-4.5,5.330645161,80.4516129,49.2237,-123.1636,24
vancouver,2018,2,Winter,6.089285714,12.4,0.6071428571,-7.5,3.348214286,37.78571429,49.2237,-123.1636,24
vancouver,2018,3,Spring,9.538709677,13.3,2.487096774,-1.7,6.012903226,36.06451613,49.2237,-123.1636,24
vancouver,2018,4,Spring,12.63,18.1,5.82,-0.2,9.225,44.93333333,49.2237,-123.1636,24
vancouver,2018,5,Spring,19.15806452,25.1,10.47741935,6.1,14.81774194,0.5161290323,49.2237,-123.1636,24
vancouver,2018,6,Summer,19.75,26.8,12.07666667,8.3,15.91333333,12.93333333,49.2237,-123.1636,24
vancouver,2018,7,Summer,24.05483871,28.6,14.13870968,8.8,19.09677419,5.038709677,49.2237,-123.1636,24
vancouver,2018,8,Summer,22.93870968,29,13.6816129,6.63,18.31016129,5.225806452,49.2237,-123.1636,24
vancouver,2018,9,Fall,18.22666667,27.1,10.81666667,6.1,14.52166667,37,49.2237,-123.1636,24
vancouver,2018,10,Fall,13.77096774,17.6,5.832258065,1.6,9.801612903,35.48387097,49.2237,-123.1636,24
vancouver,2018,11,Fall,10.55666667,15,4.513333333,-2.2,7.535,67.93333333,49.2237,-123.1636,24
vancouver,2019,0,Winter,7.687096774,12.9,2.032258065,-5.7,4.859677419,82.19354839,49.2237,-123.1636,24
vancouver,2019,1,Winter,7.877419355,11.3,2.04516129,-3,4.961290323,45.41935484,49.2237,-123.1636,24
vancouver,2019,2,Winter,3.839285714,8.5,-3.021428571,-8.8,0.4089285714,26.78571429,49.2237,-123.1636,24
vancouver,2019,3,Spring,10.58709677,17.3,1.274193548,-4.7,5.930645161,10.06451613,49.2237,-123.1636,24
vancouver,2019,4,Spring,13.1,15.9,5.9,1.1,9.5,36.93333333,49.2237,-123.1636,24
vancouver,2019,5,Spring,18.35806452,23.9,9.906451613,5.3,14.13225806,9.806451613,49.2237,-123.1636,24
vancouver,2019,6,Summer,21.13333333,29.9,11.87666667,7.9,16.505,8.733333333,49.2237,-123.1636,24
vancouver,2019,7,Summer,22.78387097,29.2,14.07096774,10.4,18.42741935,9.935483871,49.2237,-123.1636,24
vancouver,2019,8,Summer,23.07741935,26,14.17096774,10,18.62419355,8.322580645,49.2237,-123.1636,24
vancouver,2019,9,Fall,18.90333333,27.6,12.16333333,3.6,15.53333333,40.73333333,49.2237,-123.1636,24
vancouver,2019,10,Fall,12.18064516,16.1,5.106451613,-1.8,8.643548387,39.5483871,49.2237,-123.1636,24
vancouver,2019,11,Fall,9.64,13.5,2.033333333,-5.5,5.836666667,28.56666667,49.2237,-123.1636,24
vancouver,2020,0,Winter,7.419354839,9.8,3.283870968,-5,5.351612903,52.96774194,49.2237,-123.1636,24
vancouver,2020,1,Winter,7.048387097,12.3,2.167741935,-8,4.608064516,82.77419355,49.2237,-123.1636,24
vancouver,2020,2,Winter,7.551724138,11,1.806896552,-3.1,4.679310345,31.51724138,49.2237,-123.1636,24
vancouver,2020,3,Spring,8.856129032,13.4,2.242258065,-4.5,5.549193548,13.16129032,49.2237,-123.1636,24
vancouver,2020,4,Spring,13.73333333,17.3,4.856666667,0.4,9.295,7.6,49.2237,-123.1636,24
vancouver,2020,5,Spring,17.80967742,22.7,9.532258065,4,13.67096774,18.06451613,49.2237,-123.1636,24
vancouver,2020,6,Summer,19.14666667,24.1,11.90333333,7.3,15.525,17.73333333,49.2237,-123.1636,24
vancouver,2020,7,Summer,21.64516129,27.5,13.3483871,10.2,17.49677419,8.774193548,49.2237,-123.1636,24
vancouver,2020,8,Summer,22.15806452,29.3,13.62580645,9.4,17.89193548,15,49.2237,-123.1636,24
vancouver,2020,9,Fall,20.18666667,24.5,12.45666667,8.6,16.32166667,19.73333333,49.2237,-123.1636,24
vancouver,2020,10,Fall,13.16709677,19.6,7.450645161,-4.6,10.30887097,28.22580645,49.2237,-123.1636,24
vancouver,2020,11,Fall,9.226666667,15.5,3.713333333,-2.4,6.47,63.1,49.2237,-123.1636,24
vancouver,2021,0,Winter,8.071290323,16.03,2.912580645,-3.7,5.491935484,67.70967742,49.2237,-123.1636,24
vancouver,2021,1,Winter,11.69645161,22.35,5.226451613,-4.5,8.461451613,56.29032258,49.2237,-123.1636,24
vancouver,2021,2,Winter,6.861721804,18.11410525,0.9736969819,-6.8,3.917709393,20.48541917,49.2237,-123.1636,24
vancouver,2021,3,Spring,9.980645161,14.2,2.519354839,-2,6.25,10.96774194,49.2237,-123.1636,24
vancouver,2021,4,Spring,13.74,19.4,4.96,-1,9.35,12.66666667,49.2237,-123.1636,24
vancouver,2021,5,Spring,16.46258065,21.6,8.511935484,5,12.48725806,9.741935484,49.2237,-123.1636,24
vancouver,2021,6,Summer,21.60966667,32.4,12.643,5.02,17.12633333,12.4,49.2237,-123.1636,24
vancouver,2021,7,Summer,24.02580645,28.1,14.60645161,12.7,19.31612903,0,49.2237,-123.1636,24
vancouver,2021,8,Summer,23.0483871,28.9,14.61290323,9.4,18.83064516,11.83870968,49.2237,-123.1636,24
vancouver,2021,9,Fall,18.58666667,26,11.52333333,6,15.055,51.66666667,49.2237,-123.1636,24
vancouver,2021,10,Fall,12.50645161,17.9,6.780645161,-0.7,9.643548387,47.87096774,49.2237,-123.1636,24
vancouver,2021,11,Fall,10.43,19,4.760333333,-1.5,7.595166667,104.1333333,49.2237,-123.1636,24
vancouver,2022,0,Winter,3.967741935,12.5,-2.280645161,-15.3,0.8435483871,33.83870968,49.2237,-123.1636,24
vancouver,2022,1,Winter,6.45483871,11.7,1.625806452,-9.8,4.040322581,47.51612903,49.2237,-123.1636,24
vancouver,2022,2,Winter,13.1968421,18.11410525,5.154513078,-1.8,9.175677588,23.96207235,49.2237,-123.1636,24